id,url,nitter_url,description,author_name,author_username,created_at,replies,reposts,quotes,likes,views,hashtags,raw_stats,pictures,score
2060762052868919328,https://x.com/minis_lee/status/2060762052868919328,https://nitter.net/minis_lee/status/2060762052868919328#m,#Renaiss 가 이번 #KccF 에 메인부스로 참가한대요! ​방문객들을 위해 정말 다양하고 풍성한 이벤트를 열심히 준비했다고 합니다 ​지금 이 소식을 공유하고 현장에서 체크인하면 무려 '카드팩'을 지급해 주는 대박 미션까지 진 ​다들 Renaiss 메인부스 꼭 방문하시고 GeT ​#Renaiss #KccF @renaissxyz,Minis 🟠 NFTARMY LINGO,minis_lee,"May 30, 2026 · 4:35 PM UTC",0,0,0,2,29,"Renaiss,KccF","["""", """", ""2"", ""29""]",https://nitter.net/pic/media%2FHJlMKefboAABk97.jpg%3Fname%3Dsmall%26format%3Dwebp,
2060734546799456432,https://x.com/goldenpark77777/status/2060734546799456432,https://nitter.net/goldenpark77777/status/2060734546799456432#m,"What if you could pull real Pokémon cards on chain? @renaissxyz connects physically graded collectibles to a blockchain-based gacha fairness guaranteed by Merkle proofs, every pull verifiable on chain Open beta is live now renaiss.xyz #Renaiss #Web3",Golden 🌊,goldenpark77777,"May 30, 2026 · 2:46 PM UTC",0,0,0,0,39,"Renaiss,Web3","["""", """", """", ""39""]","https://nitter.net/pic/media%2FHJkzDaZa8AEa5jX.jpg%3Fname%3Dsmall%26format%3Dwebp,https://nitter.net/pic/media%2FHJkzDacbkAAjrpv.jpg%3Fname%3Dsmall%26format%3Dwebp",
2060733177573048793,https://x.com/gohwea5445/status/2060733177573048793,https://nitter.net/gohwea5445/status/2060733177573048793#m,⭐️Renaiss x KccF 오프라인 행사 안내 Renaiss가 국내 최대 카드쇼 KccF에 메인 부스로 참가합니다! 이번 행사에 Renaiss 커뮤니티 분들과 Web3 유저 여러분들을 초대합니다. #renaiss #KccF #카드쇼 #행사,gohwea l Solstice✨,gohwea5445,"May 30, 2026 · 2:40 PM UTC",0,0,0,1,68,"renaiss,KccF,카드쇼,행사","["""", """", ""1"", ""68""]",https://nitter.net/pic/media%2FHJkxKoSbkAAZFQr.jpg%3Fname%3Dsmall%26format%3Dwebp,
2060718941715169358,https://x.com/blackshark0x/status/2060718941715169358,https://nitter.net/blackshark0x/status/2060718941715169358#m,"Imagine, having your own card on @renaissxyz #Renaiss",BlackShark .base,blackshark0x,"May 30, 2026 · 1:44 PM UTC",0,0,0,5,376,Renaiss,"["""", """", ""5"", ""376""]","https://nitter.net/pic/media%2FHJkkXr3bsAAUSyI.png%3Fname%3Dsmall%26format%3Dwebp,https://nitter.net/pic/media%2FHJhFAIMbIAA3iv6.jpg%3Fname%3Dsmall%26format%3Dwebp",
2060677989126541411,https://x.com/kensanglnz/status/2060677989126541411,https://nitter.net/kensanglnz/status/2060677989126541411#m,First time in @renaissxyz Not good but not bad for me 😉 #renaiss @Renaiss_TH,kensang,kensanglnz,"May 30, 2026 · 11:01 AM UTC",0,0,0,0,41,renaiss,"["""", """", """", ""41""]",https://nitter.net/pic/amplify_video_thumb%2F2060677870226407424%2Fimg%2FEQ9hPCMB4xS7DzwA.jpg%3Fname%3Dsmall%26format%3Dwebp,
2060676280417386913,https://x.com/nopzty/status/2060676280417386913,https://nitter.net/nopzty/status/2060676280417386913#m,ใบจริงสวยเเหะ😍 #Renaiss @renaissxyz,Nemo,nopzty,"May 30, 2026 · 10:54 AM UTC",5,0,0,20,1965,Renaiss,"[""5"", """", ""20"", ""1,965""]","https://nitter.net/pic/media%2FHJj-JytaUAAVfF9.jpg%3Fname%3Dsmall%26format%3Dwebp,https://nitter.net/pic/media%2FHJebFADbAAEtaIM.jpg%3Fname%3Dsmall%26format%3Dwebp",
2060663265211125762,https://x.com/Nimpks/status/2060663265211125762,https://nitter.net/Nimpks/status/2060663265211125762#m,ตื่นมาอยากลองวัดดวงเล่นๆ เติมเงิน 150$ ไปจุ่ม Eden Pack ปึ้งเข้าให้555 @renaissxyz @Renaiss_TH #renaiss,Nimnimeiei,Nimpks,"May 30, 2026 · 10:03 AM UTC",13,2,0,31,5796,renaiss,"[""13"", ""2"", ""31"", ""5,796""]","https://nitter.net/pic/amplify_video_thumb%2F2060663178074411008%2Fimg%2FRsfmrdZLZ8p27gBp.jpg%3Fname%3Dsmall%26format%3Dwebp,https://nitter.net/pic/media%2FHJeL2y0aEAEA9dS.jpg%3Fname%3Dsmall%26format%3Dwebp",
2060619457710756032,https://x.com/davidcheang99/status/2060619457710756032,https://nitter.net/davidcheang99/status/2060619457710756032#m,找亮点✨ #Renaiss,DDavid.Renaiss,davidcheang99,"May 30, 2026 · 7:08 AM UTC",1,0,0,8,312,Renaiss,"[""1"", """", ""8"", ""312""]",https://nitter.net/pic/media%2FHJjKdh3bkAA9FCE.jpg%3Fname%3Dsmall%26format%3Dwebp,
2060612991973048492,https://x.com/nopzty/status/2060612991973048492,https://nitter.net/nopzty/status/2060612991973048492#m,Gm Saturday มาไหว้พระเสริมสิริมงคลให้ชีวิตกันหน่อย🙏🫶 #Renaiss @renaissxyz @Renaiss_TH,Nemo,nopzty,"May 30, 2026 · 6:43 AM UTC",3,0,0,18,606,Renaiss,"[""3"", """", ""18"", ""606""]","https://nitter.net/pic/media%2FHJi_s-VbgAEHxoQ.jpg%3Fname%3Dsmall%26format%3Dwebp,https://nitter.net/pic/media%2FHJi_s-0bUAA7XGW.jpg%3Fname%3Dsmall%26format%3Dwebp",
2060606559890325792,https://x.com/LowrieKell52930/status/2060606559890325792,https://nitter.net/LowrieKell52930/status/2060606559890325792#m,single pull 😭 PSA 10 Umbreon VMAX on @renaissxyz 🌙 this is the kind of hit that reminds you what fair odds actually feel like feeling insanely lucky today #Renaiss,Lowrie ꧁IP꧂ 🧩,LowrieKell52930,"May 30, 2026 · 6:17 AM UTC",3,0,0,10,836,Renaiss,"[""3"", """", ""10"", ""836""]",https://nitter.net/pic/media%2FHJi-vJqbwAALm1g.jpg%3Fname%3Dsmall%26format%3Dwebp,
2060593677727330797,https://x.com/eledesanches/status/2060593677727330797,https://nitter.net/eledesanches/status/2060593677727330797#m,2 S tiers in 5 pulls on @renaissxyz i am choosing to believe this was skill please do not check the math 🏆 #Renaiss,elena zuniga,eledesanches,"May 30, 2026 · 5:26 AM UTC",4,0,0,8,512,Renaiss,"[""4"", """", ""8"", ""512""]",https://nitter.net/pic/media%2FHJizAoSbwAA3P7d.jpg%3Fname%3Dsmall%26format%3Dwebp,
2060589161195958656,https://x.com/avsavin86/status/2060589161195958656,https://nitter.net/avsavin86/status/2060589161195958656#m,S tier out of SV8a on @renaissxyz PSA 10 that gold frame makes the whole pull feel illegal 🏆 #PokemonTCG #PSA10 #Renaiss,PokeDegenDiary,avsavin86,"May 30, 2026 · 5:08 AM UTC",4,1,0,12,883,"PokemonTCG,PSA10,Renaiss","[""4"", ""1"", ""12"", ""883""]",https://nitter.net/pic/media%2FHJiu60eaQAA44K0.png%3Fname%3Dsmall%26format%3Dwebp,
2060583721158533172,https://x.com/MTer088114/status/2060583721158533172,https://nitter.net/MTer088114/status/2060583721158533172#m,ทานข้าวไม่อร่อยเลย ถ้าไม่ได้ทานกับ @renaissxyz 🥰 @Renaiss_TH #Renaiss,Ter,MTer088114,"May 30, 2026 · 4:46 AM UTC",2,0,0,9,292,Renaiss,"[""2"", """", ""9"", ""292""]",https://nitter.net/pic/media%2FHJip9xCbAAAdVcp.jpg%3Fname%3Dsmall%26format%3Dwebp,
2060569999673360719,https://x.com/MTer088114/status/2060569999673360719,https://nitter.net/MTer088114/status/2060569999673360719#m,"Finally, I have a card with consecutive numbers 🎉🥰 @renaissxyz @Renaiss_TH เรียงเบอร์คับเรียงเบอร์ งวดนี้แน่ๆ #Renaiss",Ter,MTer088114,"May 30, 2026 · 3:52 AM UTC",2,0,0,10,625,Renaiss,"[""2"", """", ""10"", ""625""]",https://nitter.net/pic/media%2FHJidfUVbsAAm9GQ.jpg%3Fname%3Dsmall%26format%3Dwebp,
2060518144108835154,https://x.com/davidcheang99/status/2060518144108835154,https://nitter.net/davidcheang99/status/2060518144108835154#m,"To get the Van Gogh Pikachu and SBT, I’m planning to do one pull a day until I reach 40 tickets or the event ends ！ 为了获得梵高皮及 SBT ,打算一天一抽直到累积 40票 或活动结束😍🫰 #renaiss #bnbchain #tcg Day 14 34 ticket count Explore here 💫 renaiss.xyz/ref/unstoppable",DDavid.Renaiss,davidcheang99,"May 30, 2026 · 12:26 AM UTC",0,0,0,0,203,"renaiss,bnbchain,tcg","["""", """", """", ""203""]","https://nitter.net/pic/ext_tw_video_thumb%2F2060518118406131712%2Fpu%2Fimg%2FW2X-rI6mvtUPKEl3.jpg%3Fname%3Dsmall%26format%3Dwebp,https://nitter.net/pic/media%2FHJhuT90agAA9SYG.jpg%3Fname%3Dsmall%26format%3Dwebp,https://nitter.net/pic/ext_tw_video_thumb%2F2060396351473799170%2Fpu%2Fimg%2FdsBGV0GfY7oF244m.jpg%3Fname%3Dsmall%26format%3Dwebp,https://nitter.net/pic/media%2FHJf_kMtbUAEDByo.jpg%3Fname%3Dsmall%26format%3Dwebp",
2060469682285728151,https://x.com/blackshark0x/status/2060469682285728151,https://nitter.net/blackshark0x/status/2060469682285728151#m,That's why we need @renaissxyz #Renaiss,BlackShark .base,blackshark0x,"May 29, 2026 · 9:13 PM UTC",1,1,0,3,930,Renaiss,"[""1"", ""1"", ""3"", ""930""]",https://nitter.net/pic/amplify_video_thumb%2F2059642194995339264%2Fimg%2Fj5M-8FsC3DoXBxPq.jpg%3Fname%3Dsmall%26format%3Dwebp,
2060413222700933219,https://x.com/Nobodyknowww/status/2060413222700933219,https://nitter.net/Nobodyknowww/status/2060413222700933219#m,First attempt on @renaissxyz does not go well with my planned ritual 😂. Pull four straight C-tier card. Maybe other day haha #renaiss,yossapat,Nobodyknowww,"May 29, 2026 · 5:29 PM UTC",1,0,0,1,139,renaiss,"[""1"", """", ""1"", ""139""]",https://nitter.net/pic/amplify_video_thumb%2F2060413153050234880%2Fimg%2FYGYhohm64EILsYE7.jpg%3Fname%3Dsmall%26format%3Dwebp,
2060391726712586303,https://x.com/CNM82729/status/2060391726712586303,https://nitter.net/CNM82729/status/2060391726712586303#m,@renaissxyz Eden Pack開抽！ 抽了30抽左右還好有抽到女帝 整體來說有賺錢 我愛胖子 看到胖子就賺錢 而且還比香吉士貴😂 順便能再賺一點票 @Renaiss_CN #Renaiss,Eddy | Renaiss,CNM82729,"May 29, 2026 · 4:04 PM UTC",1,0,0,2,698,Renaiss,"[""1"", """", ""2"", ""698""]","https://nitter.net/pic/amplify_video_thumb%2F2060391609884360704%2Fimg%2FpgCc5ojv5GrDUaWw.jpg%3Fname%3Dsmall%26format%3Dwebp,https://nitter.net/pic/media%2FHJf7QLYaIAAQZGW.jpg%3Fname%3Dsmall%26format%3Dwebp,https://nitter.net/pic/media%2FHJeXu5paYAACuZa.jpg%3Fname%3Dsmall%26format%3Dwebp",
2060376075398750331,https://x.com/IamGYyoyoyo12/status/2060376075398750331,https://nitter.net/IamGYyoyoyo12/status/2060376075398750331#m,跟 @jove_BAD 哥聊卡聊到一半 灵感爆棚突然跑去@renaissxyz 抽了一发 出了个Bloom卡！！🤣🤣 所以我适合聊卡聊到一半跑去开卡吗？🥹 也谢谢@jove_BAD 大佬解惑今天也收了几张one piece的flagship卡 @RenaissMyCM @renaiss_cmty #renaiss #pokemonㅤㅤㅤ,GY🦅🟠,IamGYyoyoyo12,"May 29, 2026 · 3:01 PM UTC",3,0,0,7,577,"renaiss,pokemonㅤㅤㅤ","[""3"", """", ""7"", ""577""]","https://nitter.net/pic/amplify_video_thumb%2F2060374586336980992%2Fimg%2FCsmgyUNxd9o_X67g.jpg%3Fname%3Dsmall%26format%3Dwebp,https://nitter.net/pic/media%2FHJfrxRrbQAAtObl.jpg%3Fname%3Dsmall%26format%3Dwebp",
2060358077153693714,https://x.com/PaulPuolin/status/2060358077153693714,https://nitter.net/PaulPuolin/status/2060358077153693714#m,Today not my day but I'm not lose hope for next one. 🌸 @renaissxyz @Renaiss_TH #renaiss,paulxiiv | ETHGas ⛽,PaulPuolin,"May 29, 2026 · 1:50 PM UTC",1,0,0,3,467,renaiss,"[""1"", """", ""3"", ""467""]","https://nitter.net/pic/ext_tw_video_thumb%2F2060358039375671296%2Fpu%2Fimg%2FUaTVIZ_hucecV7gg.jpg%3Fname%3Dsmall%26format%3Dwebp,https://nitter.net/pic/media%2FHJeL2y0aEAEA9dS.jpg%3Fname%3Dsmall%26format%3Dwebp",
2060349486908801380,https://x.com/surmiao/status/2060349486908801380,https://nitter.net/surmiao/status/2060349486908801380#m,今天 @renaissxyz 天堂地狱包真是给我吓坏了 之前抽过两次都是地狱，一下给我干掉 200u 😭 搞的今天抽的时候，心脏砰砰跳 抽了3发，2b1c，猛赚70u，收手了 但是没抽到全世界最好的妹卡 🥹 可以给我这张么，我很爱 #Renaiss #RWA #bnbchain,sur🌟,surmiao,"May 29, 2026 · 1:16 PM UTC",1,0,0,7,813,"Renaiss,RWA,bnbchain","[""1"", """", ""7"", ""813""]","https://nitter.net/pic/media%2FHJfT6nXbIAAbHtQ.jpg%3Fname%3Dsmall%26format%3Dwebp,https://nitter.net/pic/media%2FHJfUipRbgAAF4j2.jpg%3Fname%3Dsmall%26format%3Dwebp",
2060341141078520277,https://x.com/MTer088114/status/2060341141078520277,https://nitter.net/MTer088114/status/2060341141078520277#m,มาลองเมนูอื่นแต่ไม่เอาตามพี่นีโม่ #renaiss @renaissxyz @Renaiss_TH,Ter,MTer088114,"May 29, 2026 · 12:43 PM UTC",2,0,0,3,328,renaiss,"[""2"", """", ""3"", ""328""]","https://nitter.net/pic/media%2FHJfNWDvbgAA87ud.jpg%3Fname%3Dsmall%26format%3Dwebp,https://nitter.net/pic/media%2FHJeuxD1acAACGNA.jpg%3Fname%3Dsmall%26format%3Dwebp",
2060326681588703715,https://x.com/nopzty/status/2060326681588703715,https://nitter.net/nopzty/status/2060326681588703715#m,ใครอยากลองจุ่ม pokemon/ onepiece ลอง #renaiss ได้ครับ แนะนำรอ limited pack renaiss.xyz/ref/findingnemo,Nemo,nopzty,"May 29, 2026 · 11:45 AM UTC",0,0,0,1,203,renaiss,"["""", """", ""1"", ""203""]",,
2060326006788108783,https://x.com/rarayofsunshine/status/2060326006788108783,https://nitter.net/rarayofsunshine/status/2060326006788108783#m,Renaiss activated in the bookstore 🔥 Pages & pulls kind of day 😉 @renaissxyz @Renaiss_TH #Renaiss,RaRay❤️ Memecoin .ink,rarayofsunshine,"May 29, 2026 · 11:42 AM UTC",5,4,0,12,652,Renaiss,"[""5"", ""4"", ""12"", ""652""]","https://nitter.net/pic/media%2FHJe_lAYaoAAefuH.jpg%3Fname%3Dsmall%26format%3Dwebp,https://nitter.net/pic/media%2FHJe_lAbbMAEyg88.jpg%3Fname%3Dsmall%26format%3Dwebp,https://nitter.net/pic/media%2FHJe_lC4b0AAbJl9.jpg%3Fname%3Dsmall%26format%3Dwebp,https://nitter.net/pic/media%2FHJe_lApbcAA3YAc.jpg%3Fname%3Dsmall%26format%3Dwebp",
2060310958938161551,https://x.com/FattyShark112/status/2060310958938161551,https://nitter.net/FattyShark112/status/2060310958938161551#m,Open Eden pack last 30 sec วันนี้ผมไปไหว้ศาลหลักเมือง วัดมังกร บริจาคโลงศพ ซึ่งผมทำเป็นประจำอยู่แล้ว แต่รอบนี้มีอะไรที่แตกต่าง คลิปสุ่มอยู่ 1 นาทีสุดท้าย ผมต้องเร่งคลิป *2 เพราะ x ให้ลงแค่ 2 นาที @renaissxyz @Renaiss_TH #Renaiss,FattyShark_Renaiss,FattyShark112,"May 29, 2026 · 10:43 AM UTC",5,3,0,15,1202,Renaiss,"[""5"", ""3"", ""15"", ""1,202""]",https://nitter.net/pic/ext_tw_video_thumb%2F2060310798308966400%2Fpu%2Fimg%2FYQFyz0ZFFXsO4JPH.jpg%3Fname%3Dsmall%26format%3Dwebp,
2060307522540703999,https://x.com/nopzty/status/2060307522540703999,https://nitter.net/nopzty/status/2060307522540703999#m,มาลอง Yuzu Cold brew ตามพี่ ibo #renaiss @renaissxyz @Renaiss_TH,Nemo,nopzty,"May 29, 2026 · 10:29 AM UTC",3,0,0,8,1304,renaiss,"[""3"", """", ""8"", ""1,304""]","https://nitter.net/pic/media%2FHJeuxD1acAACGNA.jpg%3Fname%3Dsmall%26format%3Dwebp,https://nitter.net/pic/media%2FHJdoy8GboAApJWO.jpg%3Fname%3Dsmall%26format%3Dwebp",
2060300535023153155,https://x.com/SmartWeb3God/status/2060300535023153155,https://nitter.net/SmartWeb3God/status/2060300535023153155#m,"2 different pulling animation of Bloom card and Thorn card Never seen Crown yet, but I saw a lot of Thorn 💔 @renaissxyz @Renaiss_TH #Renaiss",Smart Web3 God,SmartWeb3God,"May 29, 2026 · 10:01 AM UTC",1,0,0,4,331,Renaiss,"[""1"", """", ""4"", ""331""]","https://nitter.net/pic/amplify_video_thumb%2F2060300415661678592%2Fimg%2F50mUoBfoJ3gi21tf.jpg%3Fname%3Dsmall%26format%3Dwebp,https://nitter.net/pic/amplify_video_thumb%2F2060300415665889280%2Fimg%2FkmBJ52LpsCXgKt8Q.jpg%3Fname%3Dsmall%26format%3Dwebp",
2060299232419229815,https://x.com/trenchwei/status/2060299232419229815,https://nitter.net/trenchwei/status/2060299232419229815#m,เค็มชิบหาย @renaissxyz #renaiss,เว่ยเส้าเทียน,trenchwei,"May 29, 2026 · 9:56 AM UTC",0,0,0,0,44,renaiss,"["""", """", """", ""44""]",https://nitter.net/pic/media%2FHJem-IWbcAADFSn.jpg%3Fname%3Dsmall%26format%3Dwebp,
2060296036443460049,https://x.com/XXDMeta/status/2060296036443460049,https://nitter.net/XXDMeta/status/2060296036443460049#m,倒霉鬼快走开！ 抽了7发，小亏170 收手吧，外面都是C级宝可梦😂 @renaissxyz @Renaiss_CN #renaiss,XXD33,XXDMeta,"May 29, 2026 · 9:43 AM UTC",1,0,0,2,351,renaiss,"[""1"", """", ""2"", ""351""]","https://nitter.net/pic/media%2FHJeje6pbwAA0DrO.jpg%3Fname%3Dsmall%26format%3Dwebp,https://nitter.net/pic/media%2FHJeXu5paYAACuZa.jpg%3Fname%3Dsmall%26format%3Dwebp",
2060295453632282844,https://x.com/Renaiss_TH/status/2060295453632282844,https://nitter.net/Renaiss_TH/status/2060295453632282844#m,🏴‍☠️ Eden Pack เปิดแล้ว พูลใหม่เปิดให้ลุ้นแล้วตอนนี้ การ์ด BGS Black Label 10 ถูกเพิ่มเข้ามาในพูลเรียบร้อย Crown. Bloom. Thorn. กัดเพียงหนึ่งครั้ง…จะเป็นตัวตัดสินว่าคุณจะได้เจออะไร 🎖 เปิดแพ็กเพื่อปลดล็อก Eden Pack SBT ของคุณ เข้าสู่ Eden แล้วปล่อยให้ผลไม้นำทาง #renaiss วันพีช!!!!!,Renaiss TCG Thailand,Renaiss_TH,"May 29, 2026 · 9:41 AM UTC",0,0,0,0,93,renaiss,"["""", """", """", ""93""]",https://nitter.net/pic/media%2FHJeXu5paYAACuZa.jpg%3Fname%3Dsmall%26format%3Dwebp,
2060294909375152283,https://x.com/Donald_mvp/status/2060294909375152283,https://nitter.net/Donald_mvp/status/2060294909375152283#m,"I tried the 5x Super Mode with the $150 Eden Pack on @renaissxyz The result was still a slight loss overall, but the good thing is that I unlocked 3 Badges - Eden Badge - Bloom Badge - Thorn Badge Anyway, one thing I can say for sure is Badge is the alpha. 😄👀 #renaiss",DonaldP 🏴‍☠️,Donald_mvp,"May 29, 2026 · 9:39 AM UTC",3,0,0,10,624,renaiss,"[""3"", """", ""10"", ""624""]",https://nitter.net/pic/media%2FHJeiZn2bcAAtR47.jpg%3Fname%3Dsmall%26format%3Dwebp,
2060294461650047223,https://x.com/berryy_654/status/2060294461650047223,https://nitter.net/berryy_654/status/2060294461650047223#m,🎉ถ้าใครได้สวรรค์ก็คือดวงคุณดี 🫣ส่วนใครตกนารกก ก็คือเกลือครับ @Renaiss_TH @renaissxyz #renaiss,l3erry | bio/acc,berryy_654,"May 29, 2026 · 9:37 AM UTC",3,1,0,11,1152,renaiss,"[""3"", ""1"", ""11"", ""1,152""]","https://nitter.net/pic/amplify_video_thumb%2F2060294187845894144%2Fimg%2Fg5pPbkQ-EhAyNwB0.jpg%3Fname%3Dsmall%26format%3Dwebp,https://nitter.net/pic/media%2FHJef1ATaMAAWw1L.jpg%3Fname%3Dsmall%26format%3Dwebp",
2060294041028473070,https://x.com/daen97/status/2060294041028473070,https://nitter.net/daen97/status/2060294041028473070#m,Am I the first one who draw the Crown Card from One Piece Infinite Machine? 🙈 太激动了吧！！ 无限机器直接毕业了~ #renaiss @Plus_Ultra_715 @renaissxyz @RenaissMyCM,Daen,daen97,"May 29, 2026 · 9:35 AM UTC",10,0,0,21,1453,renaiss,"[""10"", """", ""21"", ""1,453""]","https://nitter.net/pic/media%2FHJeigfFbQAEDT0M.jpg%3Fname%3Dsmall%26format%3Dwebp,https://nitter.net/pic/media%2FHJeXu5paYAACuZa.jpg%3Fname%3Dsmall%26format%3Dwebp",
2060292365697622285,https://x.com/miaomiao_eth/status/2060292365697622285,https://nitter.net/miaomiao_eth/status/2060292365697622285#m,今天 @renaissxyz 海賊王 天堂地獄無限卡機開啦！ 在 DC 裡倒數五分鐘的時候還提醒大家理性抽卡 結果我又又又又上頭了😭 本來兩抽差不多打平，不虧不賺 後來上頭補了四抽都是地獄阿阿阿阿阿阿阿 下..下次一定贏... 這次一包天堂先拿個 SBT 吧嗚嗚嗚 #Renaiss,miaomiao_eth,miaomiao_eth,"May 29, 2026 · 9:29 AM UTC",3,0,0,12,603,Renaiss,"[""3"", """", ""12"", ""603""]",https://nitter.net/pic/amplify_video_thumb%2F2060291294526914560%2Fimg%2FPKmpMF2ES_E0-Ghk.jpg%3Fname%3Dsmall%26format%3Dwebp,
2060291541055463558,https://x.com/Renaiss_TH/status/2060291541055463558,https://nitter.net/Renaiss_TH/status/2060291541055463558#m,เพื่อนๆครับ ใครได้การ์ดอะไรคอมเม้นมาโชว์กันหน่อยครับ @renaissxyz #renaiss👇👇,Renaiss TCG Thailand,Renaiss_TH,"May 29, 2026 · 9:25 AM UTC",3,0,0,8,688,renaiss,"[""3"", """", ""8"", ""688""]",https://nitter.net/pic/media%2FHJebFADbAAEtaIM.jpg%3Fname%3Dsmall%26format%3Dwebp,
2060291178994819273,https://x.com/berryy_654/status/2060291178994819273,https://nitter.net/berryy_654/status/2060291178994819273#m,Oh Grapeeee @renaissxyz @Renaiss_TH #renaiss,l3erry | bio/acc,berryy_654,"May 29, 2026 · 9:24 AM UTC",1,0,0,6,1686,renaiss,"[""1"", """", ""6"", ""1,686""]","https://nitter.net/pic/media%2FHJef1ATaMAAWw1L.jpg%3Fname%3Dsmall%26format%3Dwebp,https://nitter.net/pic/media%2FHJeL2y0aEAEA9dS.jpg%3Fname%3Dsmall%26format%3Dwebp",
2060287322273554471,https://x.com/0xKuromon/status/2060287322273554471,https://nitter.net/0xKuromon/status/2060287322273554471#m,我来问个问题，抽到两张旗舰8强queen BGS肯定centering 最重要 那edge 跟surface比哪个重要呢🤔 @renaissxyz @Plus_Ultra_715 #Renaiss,Kuromon|Renaiss,0xKuromon,"May 29, 2026 · 9:09 AM UTC",2,0,0,8,836,Renaiss,"[""2"", """", ""8"", ""836""]","https://nitter.net/pic/media%2FHJecEOBb0AEnaHx.jpg%3Fname%3Dsmall%26format%3Dwebp,https://nitter.net/pic/media%2FHJeb93MagAAiKP-.jpg%3Fname%3Dsmall%26format%3Dwebp",
2060285872524886366,https://x.com/nopzty/status/2060285872524886366,https://nitter.net/nopzty/status/2060285872524886366#m,ใบนี้ดีไหมครับ เพิ่งเข้าวงการ 🌚 @renaissxyz @Renaiss_TH #renaiss,Nemo,nopzty,"May 29, 2026 · 9:03 AM UTC",16,4,0,31,7101,renaiss,"[""16"", ""4"", ""31"", ""7,101""]",https://nitter.net/pic/media%2FHJebFADbAAEtaIM.jpg%3Fname%3Dsmall%26format%3Dwebp,
2060282718169235690,https://x.com/0xKuromon/status/2060282718169235690,https://nitter.net/0xKuromon/status/2060282718169235690#m,倒计时10分钟！有些旗舰赛的卡真的可以strong hold 然后等风来~ #Renaiss,Kuromon|Renaiss,0xKuromon,"May 29, 2026 · 8:50 AM UTC",1,0,0,5,255,Renaiss,"[""1"", """", ""5"", ""255""]",https://nitter.net/pic/media%2FHJeL2y0aEAEA9dS.jpg%3Fname%3Dsmall%26format%3Dwebp,
2060274953963065797,https://x.com/Mark_Memelord/status/2060274953963065797,https://nitter.net/Mark_Memelord/status/2060274953963065797#m,今天family day 买了6包宝可梦 一人一包 结果全军覆没😂 M1L 这个系列 我应该也算毕业了吧 之前 @snoopylee115 一包中Lilie 过后我又中了Lucario SAR 是时候开别的了✌🏻 好吧 吃点蛋糕冷静一下 准备等下在 @renaissxyz 抽海贼王🔥😎 #renaiss,Mark,Mark_Memelord,"May 29, 2026 · 8:20 AM UTC",2,0,0,3,368,renaiss,"[""2"", """", ""3"", ""368""]","https://nitter.net/pic/media%2FHJeRJB9bMAASngI.jpg%3Fname%3Dsmall%26format%3Dwebp,https://nitter.net/pic/media%2FHJeRJCBbMAAacAM.jpg%3Fname%3Dsmall%26format%3Dwebp,https://nitter.net/pic/media%2FHJeRJB4bkAIok7s.jpg%3Fname%3Dsmall%26format%3Dwebp",
2060177575272652890,https://x.com/davidcheang99/status/2060177575272652890,https://nitter.net/davidcheang99/status/2060177575272652890#m,零钱已到账~各位请查收✨ 这次好意头，我收到188🧧 比上次少一丢丢，必须再接再厉！ 宝宝们多努力努力~🤣 另外用我链接的都 dm 我下，有惊喜！ #Renaiss @renaissxyz,DDavid.Renaiss,davidcheang99,"May 29, 2026 · 1:53 AM UTC",15,0,0,15,1156,Renaiss,"[""15"", """", ""15"", ""1,156""]","https://nitter.net/pic/media%2FHJc4lU-a4AAE9He.jpg%3Fname%3Dsmall%26format%3Dwebp,https://nitter.net/pic/media%2FHJc4lWIbMAAG3wv.jpg%3Fname%3Dsmall%26format%3Dwebp,https://nitter.net/pic/media%2FHJZp0CAbAAA-2K-.jpg%3Fname%3Dsmall%26format%3Dwebp",
2060174199734558731,https://x.com/RenaissTwCM/status/2060174199734558731,https://nitter.net/RenaissTwCM/status/2060174199734558731#m,⚠️注意 — Eden Pack 登場 ⏰ 5/29 17:00 (UTC+8) 🥇Eden Pack SBT 解鎖 Eden Pack SBT — Pull once to unlock Bloom SBT — Pull 1 Bloom card Thorn SBT — Pull 1 Thorn card Crown SBT — Pull 1 Crown card 額外： 錄影抽到稀有可獲得玄學SBT #Renaiss #RWA #bnbchain @renaissxyz,Renaiss TCG Taiwan,RenaissTwCM,"May 29, 2026 · 1:39 AM UTC",1,0,0,6,256,"Renaiss,RWA,bnbchain","[""1"", """", ""6"", ""256""]",https://nitter.net/pic/media%2FHJZcYmVbwAASwUc.jpg%3Fname%3Dsmall%26format%3Dwebp,
2060167972103344229,https://x.com/XXDMeta/status/2060167972103344229,https://nitter.net/XXDMeta/status/2060167972103344229#m,抽了好几次都是地狱卡。 这一次OP会不会不一样呢？ #renaiss,XXD33,XXDMeta,"May 29, 2026 · 1:14 AM UTC",0,0,0,0,23,renaiss,"["""", """", """", ""23""]",https://nitter.net/pic/media%2FHJZcYmVbwAASwUc.jpg%3Fname%3Dsmall%26format%3Dwebp,
2060150791667867829,https://x.com/davidcheang99/status/2060150791667867829,https://nitter.net/davidcheang99/status/2060150791667867829#m,"To get the Van Gogh Pikachu and SBT, I’m planning to do one pull a day until I reach 40 tickets or the event ends ！ 为了获得梵高皮及 SBT ,打算一天一抽直到累积 40票 或活动结束😍🫰 #renaiss #bnbchain #tcg Day 13 27 ticket count Explore here 💫 renaiss.xyz/ref/unstoppable",DDavid.Renaiss,davidcheang99,"May 29, 2026 · 12:06 AM UTC",0,0,0,1,196,"renaiss,bnbchain,tcg","["""", """", ""1"", ""196""]","https://nitter.net/pic/ext_tw_video_thumb%2F2060150768523706369%2Fpu%2Fimg%2F7rtpMuaq8uJo67SP.jpg%3Fname%3Dsmall%26format%3Dwebp,https://nitter.net/pic/media%2FHJcgNXOa0AACTTw.jpg%3Fname%3Dsmall%26format%3Dwebp,https://nitter.net/pic/ext_tw_video_thumb%2F2059789903471452160%2Fpu%2Fimg%2Fu9Ffood8_QSqqNKs.jpg%3Fname%3Dsmall%26format%3Dwebp,https://nitter.net/pic/media%2FHJXYAP4bwAACHCK.jpg%3Fname%3Dsmall%26format%3Dwebp",
2060069482698363117,https://x.com/FattyShark112/status/2060069482698363117,https://nitter.net/FattyShark112/status/2060069482698363117#m,กำไรผมลดลงไปเยอะเลยครับ สำหรับ YZI Labs Graduation SBT⭐️ ทีแรกกว่าจะกินเต็ม ถอนออกหมด แต่!! ผมคิดว่าผมควรตอบแทนบ้าง หลังจากที่ดวงดีมาก เปิดต่อไป 40 แพค ขุ่นพระ C ไปราว ๆ 35 แล้ว 5555 และแน่นอนผมได้ Badge นี้มาครองครับ เดินตามรอยจารนีโม่ และครูหมาไปครับ @renaissxyz #Renaiss,FattyShark_Renaiss,FattyShark112,"May 28, 2026 · 6:43 PM UTC",5,0,0,9,661,Renaiss,"[""5"", """", ""9"", ""661""]","https://nitter.net/pic/media%2FHJbVhoKboAATOK8.png%3Fname%3Dsmall%26format%3Dwebp,https://nitter.net/pic/media%2FHJbWBtnbQAA6omd.jpg%3Fname%3Dsmall%26format%3Dwebp",
2060060338268274855,https://x.com/blackshark0x/status/2060060338268274855,https://nitter.net/blackshark0x/status/2060060338268274855#m,สายจุ่ม พรุ่งนี้ เรามีนัดกันที่ @renaissxyz รอบนี้สำหรับ สาวก One Piece กับ Eden Pack เด้อ อ้อ สำหรับทุกการจุ่มที่นี่ จะได้ SBT badge ด้วยนะ และ... แค่เติมตังในครั้งแรก $60 ขึ้นไป ก็ได้ badge แล้วด้วยเช่นเดียวกัน #Renaiss นักจุ่มหน้าใหม่ เรียนเชิญ 👇 renaiss.xyz/ref/blackshark,BlackShark .base,blackshark0x,"May 28, 2026 · 6:07 PM UTC",1,0,0,8,645,Renaiss,"[""1"", """", ""8"", ""645""]",https://nitter.net/pic/media%2FHJZcYmVbwAASwUc.jpg%3Fname%3Dsmall%26format%3Dwebp,
2060059076785238473,https://x.com/FattyShark112/status/2060059076785238473,https://nitter.net/FattyShark112/status/2060059076785238473#m,พน.แพคโหด ๆ อย่าง Eden Pack ซึ่งขน BGS Black Label มาให้เปิดแบบเบิ้ม ๆ แถมลุ้น SBT 4 อัน!! กระซิบมาว่าแพคละ $150 กระซิบอีกว่า hit $3000!! กันเลยทีเดียวเชียว 20x ในคลิกเดียวอ่ะค้าบพรี้ ทำบุญกันให้พร้อม แล้วมาหวังไปด้วยกัน เชื่อในตัวเองครับ เตรียมเงินไว้ @renaissxyz #Renaiss,FattyShark_Renaiss,FattyShark112,"May 28, 2026 · 6:02 PM UTC",0,0,0,4,325,Renaiss,"["""", """", ""4"", ""325""]","https://nitter.net/pic/media%2FHJbMuDTaIAA3uNP.png%3Fname%3Dsmall%26format%3Dwebp,https://nitter.net/pic/media%2FHJZcYmVbwAASwUc.jpg%3Fname%3Dsmall%26format%3Dwebp",
2060025431961772289,https://x.com/berryy_654/status/2060025431961772289,https://nitter.net/berryy_654/status/2060025431961772289#m,ใครที่ไม่รู้จะเปิดจุ่มดีมั้ย ลองเข้ามาดูในดิสคอร์ดก่อนก็ได้ครับ มานั่งพูด นั่งคุยก็ได้ SBT แล้ววว @renaissxyz @Renaiss_TH #renaiss,l3erry | bio/acc,berryy_654,"May 28, 2026 · 3:48 PM UTC",4,0,0,14,396,renaiss,"[""4"", """", ""14"", ""396""]",https://nitter.net/pic/media%2FHJat9_6agAARmM8.png%3Fname%3Dsmall%26format%3Dwebp,
2060024562541326546,https://x.com/berryy_654/status/2060024562541326546,https://nitter.net/berryy_654/status/2060024562541326546#m,แจกแบบไม่รู้จบ แจกให้กันต่อ มีที่นี่ที่เดียว @renaissxyz @Renaiss_TH #renaiss,l3erry | bio/acc,berryy_654,"May 28, 2026 · 3:45 PM UTC",0,1,0,4,142,renaiss,"["""", ""1"", ""4"", ""142""]",,
2060016709013225570,https://x.com/davidcheang99/status/2060016709013225570,https://nitter.net/davidcheang99/status/2060016709013225570#m,小编最近发的帖子是不是忘了 #renaiss？,DDavid.Renaiss,davidcheang99,"May 28, 2026 · 3:13 PM UTC",1,0,0,4,47,renaiss,"[""1"", """", ""4"", ""47""]",,
2059985211149144110,https://x.com/rarayofsunshine/status/2059985211149144110,https://nitter.net/rarayofsunshine/status/2059985211149144110#m,Renaiss in the park 🍃 Fresh energy boosted 100%🔋 Me and my rainbow friend are obsessed ☀️🌈❤️ @renaissxyz @Renaiss_TH #Renaiss,RaRay❤️ Memecoin .ink,rarayofsunshine,"May 28, 2026 · 1:08 PM UTC",4,4,0,15,1172,Renaiss,"[""4"", ""4"", ""15"", ""1,172""]","https://nitter.net/pic/media%2FHJaJjUgawAAxFzz.jpg%3Fname%3Dsmall%26format%3Dwebp,https://nitter.net/pic/media%2FHJaJjUfacAAp1aH.jpg%3Fname%3Dsmall%26format%3Dwebp,https://nitter.net/pic/media%2FHJaJjUhaUAAXPmA.jpg%3Fname%3Dsmall%26format%3Dwebp,https://nitter.net/pic/amplify_video_thumb%2F2059985119482728448%2Fimg%2FUWDakPjilFZqm60p.jpg%3Fname%3Dsmall%26format%3Dwebp",
2059947845625782782,https://x.com/berryy_654/status/2059947845625782782,https://nitter.net/berryy_654/status/2059947845625782782#m,พรุ่งนี้แพคใหม่มาแล้วววว เจอกันที่ @renaissxyz #renaiss,l3erry | bio/acc,berryy_654,"May 28, 2026 · 10:40 AM UTC",0,0,0,3,115,renaiss,"["""", """", ""3"", ""115""]",,
2059947701652099440,https://x.com/spacewalker_eth/status/2059947701652099440,https://nitter.net/spacewalker_eth/status/2059947701652099440#m,它来了！不是狼来了，是海贼来了！ 海贼就是要越大越香！冲爆！ @renaissxyz #Renaiss renaiss.xyz/ref/theluckiest_…,SpaceWalker | Renaiss🌶️,spacewalker_eth,"May 28, 2026 · 10:39 AM UTC",0,0,0,0,23,Renaiss,"["""", """", """", ""23""]",https://nitter.net/pic/media%2FHJZcYmVbwAASwUc.jpg%3Fname%3Dsmall%26format%3Dwebp,
2059944981788590387,https://x.com/Renaiss_TH/status/2059944981788590387,https://nitter.net/Renaiss_TH/status/2059944981788590387#m,🏴‍☠️ Eden Pack เปิดตู้วันศุกร์นี้ 📅 29 พฤษภาคม เวลา 16:00 น. ตามเวลาไทย การ์ด BGS Black Label 10 กำลังจะเข้า One Piece Infinite Gacha พูลใหม่กำลังมา พร้อมโอกาส 15% ที่การสุ่มของคุณจะ Bloom กัดผลปีศาจคำนี้ แล้วออกเรือไปด้วยกัน 🌱 วันพีชมีอยู่จริง!!! #renaiss,Renaiss TCG Thailand,Renaiss_TH,"May 28, 2026 · 10:28 AM UTC",1,0,0,4,511,renaiss,"[""1"", """", ""4"", ""511""]",https://nitter.net/pic/media%2FHJZcYmVbwAASwUc.jpg%3Fname%3Dsmall%26format%3Dwebp,
2059917924517941660,https://x.com/nopzty/status/2059917924517941660,https://nitter.net/nopzty/status/2059917924517941660#m,The gift from the sky…Thank you boss❤️ #Renaiss @renaissxyz @Renaiss_TH,Nemo,nopzty,"May 28, 2026 · 8:41 AM UTC",3,2,0,9,500,Renaiss,"[""3"", ""2"", ""9"", ""500""]",https://nitter.net/pic/media%2FHJZMbpiaQAAPTri.jpg%3Fname%3Dsmall%26format%3Dwebp,
2059877662483755329,https://x.com/DawggJerry48401/status/2059877662483755329,https://nitter.net/DawggJerry48401/status/2059877662483755329#m,opened a 10 pull on @renaissxyz for fun walked away with 2 S tiers yeah i am smiling at the screen like an idiot rn 😭 #PokemonTCG #Renaiss,Jerry Dawgg,DawggJerry48401,"May 28, 2026 · 6:01 AM UTC",3,0,0,6,290,"PokemonTCG,Renaiss","[""3"", """", ""6"", ""290""]",https://nitter.net/pic/media%2FHJYnynOacAA7Hep.jpg%3Fname%3Dsmall%26format%3Dwebp,
2059844268320260468,https://x.com/nousagi_X/status/2059844268320260468,https://nitter.net/nousagi_X/status/2059844268320260468#m,想贏？先問過我手上的珍奶吧！ #Renaiss #nasilemak #bnbchain @renaissxyz,Nousagi.bnb,nousagi_X,"May 28, 2026 · 3:48 AM UTC",4,0,0,8,479,"Renaiss,nasilemak,bnbchain","[""4"", """", ""8"", ""479""]","https://nitter.net/pic/media%2FHJYJbPjaUAA6f7i.jpg%3Fname%3Dsmall%26format%3Dwebp,https://nitter.net/pic/media%2FHJUhhMobsAAegie.jpg%3Fname%3Dsmall%26format%3Dwebp",
2059842145905975551,https://x.com/SmartWeb3God/status/2059842145905975551,https://nitter.net/SmartWeb3God/status/2059842145905975551#m,"GM, good start - first pulled of the day 😎☀️ Finally pulled out an A-tier while recording, so i can clam Mystic Luck SBT 👀🤣 จุ่มเดียว $48 ดอลก็เสียวได้ แต่เสียดายไม่ได้รางวัลใหญ่ S-tier $1,600 🥳🔥 @renaissxyz @Renaiss_TH #Renaiss",Smart Web3 God,SmartWeb3God,"May 28, 2026 · 3:40 AM UTC",7,1,0,12,489,Renaiss,"[""7"", ""1"", ""12"", ""489""]",https://nitter.net/pic/amplify_video_thumb%2F2059842056802168832%2Fimg%2FrkAfnj5NtigWKx8h.jpg%3Fname%3Dsmall%26format%3Dwebp,
2059821026624860510,https://x.com/chimnon1993/status/2059821026624860510,https://nitter.net/chimnon1993/status/2059821026624860510#m,Finally unlocked the Community Voice badge on Renaiss! 🎙️ Active engagement really pay off. Just reached Community Level 3 and claimed this reward 💪 Will keep creating and supporting the ecosystem 🚀 Join with me: renaiss.xyz/ref/vlchinen @renaissxyz #Renaiss,chimnon,chimnon1993,"May 28, 2026 · 2:16 AM UTC",1,0,0,1,162,Renaiss,"[""1"", """", ""1"", ""162""]",https://nitter.net/pic/media%2FHJX0GE9bEAAFb5N.jpg%3Fname%3Dsmall%26format%3Dwebp,
2059789939865477136,https://x.com/davidcheang99/status/2059789939865477136,https://nitter.net/davidcheang99/status/2059789939865477136#m,"To get the Van Gogh Pikachu and SBT, I’m planning to do one pull a day until I reach 40 tickets or the event ends ！ 为了获得梵高皮及 SBT ,打算一天一抽直到累积 40票 或活动结束😍🫰 #renaiss #bnbchain #tcg Day 12 26 ticket count Explore here 💫 renaiss.xyz/ref/unstoppable",DDavid.Renaiss,davidcheang99,"May 28, 2026 · 12:12 AM UTC",1,0,0,3,223,"renaiss,bnbchain,tcg","[""1"", """", ""3"", ""223""]","https://nitter.net/pic/ext_tw_video_thumb%2F2059789903471452160%2Fpu%2Fimg%2Fu9Ffood8_QSqqNKs.jpg%3Fname%3Dsmall%26format%3Dwebp,https://nitter.net/pic/media%2FHJXYAP4bwAACHCK.jpg%3Fname%3Dsmall%26format%3Dwebp,https://nitter.net/pic/ext_tw_video_thumb%2F2059441984268595200%2Fpu%2Fimg%2FdJBCfiNyaP2H-SN9.jpg%3Fname%3Dsmall%26format%3Dwebp,https://nitter.net/pic/media%2FHJSbksNaQAADlNS.jpg%3Fname%3Dsmall%26format%3Dwebp",
2059686563358117988,https://x.com/blackshark0x/status/2059686563358117988,https://nitter.net/blackshark0x/status/2059686563358117988#m,"เติมไม่พัก @renaissxyz เติมรางวัลใหญ่ สูงสุดมูลค่า $1,621 จากแพค Omega ราคา $48 เทียบเท่า 33x กันเลยทีเดียว ถ้าเปิดติด #Renaiss",BlackShark .base,blackshark0x,"May 27, 2026 · 5:21 PM UTC",2,0,0,11,1263,Renaiss,"[""2"", """", ""11"", ""1,263""]","https://nitter.net/pic/media%2FHJV6AseaIAIxGFa.jpg%3Fname%3Dsmall%26format%3Dwebp,https://nitter.net/pic/media%2FHJVH5fQbcAAFbVF.jpg%3Fname%3Dsmall%26format%3Dwebp",
2059672865050661081,https://x.com/FattyShark112/status/2059672865050661081,https://nitter.net/FattyShark112/status/2059672865050661081#m,"ก้าวติ๋ม ก้าวติ๋ม หลามแทบไม่เชื่อสายตา ว่าเรื่องตรงหน้าสิเป็นความจริง S อีกแล้ว แม่เจ้า Kao Tim, Kao Tim, could hardly believe his eyes that what he was seeing was real. S again! Oh my god! @renaissxyz @Renaiss_TH #Renaiss",FattyShark,FattyShark112,"May 27, 2026 · 4:27 PM UTC",10,2,0,25,3726,Renaiss,"[""10"", ""2"", ""25"", ""3,726""]",https://nitter.net/pic/amplify_video_thumb%2F2059672530903064576%2Fimg%2FcQw9wzTRhwbCCr48.jpg%3Fname%3Dsmall%26format%3Dwebp,
2059666571916894368,https://x.com/FattyShark112/status/2059666571916894368,https://nitter.net/FattyShark112/status/2059666571916894368#m,Give Mystic Luck Badge for me! I secretly turned it on while my wife was out running errands. ส่ง Mystic Luck badge ลับนั่นมาซะ หลามแอบเปิดตอนไล่เมียไปทำธุระครับ หลู้เหลื้องงง @renaissxyz #Renaiss @Renaiss_TH,FattyShark,FattyShark112,"May 27, 2026 · 4:02 PM UTC",6,2,0,16,1100,Renaiss,"[""6"", ""2"", ""16"", ""1,100""]",https://nitter.net/pic/amplify_video_thumb%2F2059666427142144000%2Fimg%2F-qG1SK6P9MCnD5bX.jpg%3Fname%3Dsmall%26format%3Dwebp,
2059632280730206578,https://x.com/Renaiss_TH/status/2059632280730206578,https://nitter.net/Renaiss_TH/status/2059632280730206578#m,เติมการ์ดใหม่เข้า Omega Gacha แล้ว 💫 ของใหม่เข้าตู้เรียบร้อย มาลุ้นกาชากันต่อได้เลย เข้า @renaissxyz แล้วไปหมุน Omega กันต่อ #renaiss,Renaiss TCG Thailand,Renaiss_TH,"May 27, 2026 · 1:46 PM UTC",0,1,0,6,241,renaiss,"["""", ""1"", ""6"", ""241""]",https://nitter.net/pic/media%2FHJVH5fQbcAAFbVF.jpg%3Fname%3Dsmall%26format%3Dwebp,
2059628879665656170,https://x.com/nopzty/status/2059628879665656170,https://nitter.net/nopzty/status/2059628879665656170#m,Renaiss Community Battle Tournament! See u on Quarter-Finals 👀 #OPTCGsim #Renaiss @renaissxyz,Nemo,nopzty,"May 27, 2026 · 1:32 PM UTC",1,0,0,8,350,"OPTCGsim,Renaiss","[""1"", """", ""8"", ""350""]",https://nitter.net/pic/media%2FHJVFBKZa4AA6UWe.jpg%3Fname%3Dsmall%26format%3Dwebp,
2059589270311223341,https://x.com/davidcheang99/status/2059589270311223341,https://nitter.net/davidcheang99/status/2059589270311223341#m,"Taiwan may lead… but not for long 👀 Malaysians, assemble !!! 🇲🇾 Nasi lemak power activated !!! 🍛 #Renaiss #nasilemak #bnbchain @renaissxyz",DDavid.Renaiss,davidcheang99,"May 27, 2026 · 10:55 AM UTC",5,0,0,9,1451,"Renaiss,nasilemak,bnbchain","[""5"", """", ""9"", ""1,451""]","https://nitter.net/pic/media%2FHJUhhMobsAAegie.jpg%3Fname%3Dsmall%26format%3Dwebp,https://nitter.net/pic/media%2FHJTgzo4akAA2qdt.jpg%3Fname%3Dsmall%26format%3Dwebp",
2059489374178595074,https://x.com/SmartWeb3God/status/2059489374178595074,https://nitter.net/SmartWeb3God/status/2059489374178595074#m,"When I record, it's never an above A-tier pulled hit 😂 รอบนี้ลองกดอีก 5 จุ่มครับ $240 USDT สรุปำมาเกลือ ได้กำไรมาแบบปริ่มๆ 😅🔥 @renaissxyz @Renaiss_TH #Renaiss",Smart Web3 God,SmartWeb3God,"May 27, 2026 · 4:18 AM UTC",5,1,0,10,1123,Renaiss,"[""5"", ""1"", ""10"", ""1,123""]",https://nitter.net/pic/amplify_video_thumb%2F2059489244805201920%2Fimg%2FOSRbNnZINDS60Bt0.jpg%3Fname%3Dsmall%26format%3Dwebp,
2059442002685821355,https://x.com/davidcheang99/status/2059442002685821355,https://nitter.net/davidcheang99/status/2059442002685821355#m,"To get the Van Gogh Pikachu and SBT, I’m planning to do one pull a day until I reach 40 tickets or the event ends ！ 为了获得梵高皮及 SBT ,打算一天一抽直到累积 40票 或活动结束😍🫰 #renaiss #bnbchain #tcg Day 11 25 ticket count Explore here 💫 renaiss.xyz/ref/unstoppable",DDavid.Renaiss,davidcheang99,"May 27, 2026 · 1:10 AM UTC",0,0,0,7,609,"renaiss,bnbchain,tcg","["""", """", ""7"", ""609""]","https://nitter.net/pic/ext_tw_video_thumb%2F2059441984268595200%2Fpu%2Fimg%2FdJBCfiNyaP2H-SN9.jpg%3Fname%3Dsmall%26format%3Dwebp,https://nitter.net/pic/media%2FHJSbksNaQAADlNS.jpg%3Fname%3Dsmall%26format%3Dwebp,https://nitter.net/pic/ext_tw_video_thumb%2F2059067818436599808%2Fpu%2Fimg%2FWmZZTyjwcwnbrx-f.jpg%3Fname%3Dsmall%26format%3Dwebp,https://nitter.net/pic/media%2FHJNHRY-awAAtTrW.jpg%3Fname%3Dsmall%26format%3Dwebp",
2059276426650825046,https://x.com/berryy_654/status/2059276426650825046,https://nitter.net/berryy_654/status/2059276426650825046#m,OP Black Label มาแล้วแม่จ๋าาา @renaissxyz #renaiss,l3erry | bio/acc,berryy_654,"May 26, 2026 · 2:12 PM UTC",3,0,0,6,394,renaiss,"[""3"", """", ""6"", ""394""]",https://nitter.net/pic/media%2FHJQClN-b0AAHoY8.jpg%3Fname%3Dsmall%26format%3Dwebp,
2059247857656553479,https://x.com/berryy_654/status/2059247857656553479,https://nitter.net/berryy_654/status/2059247857656553479#m,ละเมื่อวานเพิ่งฟังไป @renaissxyz คนดวงดีขายขี้ก็รวย #renaiss piped.video/7ku5rIseTN8?si=wkMT…,l3erry | bio/acc,berryy_654,"May 26, 2026 · 12:18 PM UTC",0,0,0,5,342,renaiss,"["""", """", ""5"", ""342""]",,
2059223856989311256,https://x.com/blackshark0x/status/2059223856989311256,https://nitter.net/blackshark0x/status/2059223856989311256#m,คุณคิดว่า วงการจุ่มการ์ด จะอยู่ได้อีกนานแค่ไหน @renaissxyz #Renaiss,BlackShark .base,blackshark0x,"May 26, 2026 · 10:43 AM UTC",4,0,0,6,2142,Renaiss,"[""4"", """", ""6"", ""2,142""]",,
2059067843581460955,https://x.com/davidcheang99/status/2059067843581460955,https://nitter.net/davidcheang99/status/2059067843581460955#m,"To get the Van Gogh Pikachu and SBT, I’m planning to do one pull a day until I reach 40 tickets or the event ends ！ 为了获得梵高皮及 SBT ,打算一天一抽直到累积 40票 或活动结束😍🫰 #renaiss #bnbchain #tcg Day 10 24 ticket count Explore here 💫 renaiss.xyz/ref/unstoppable",DDavid.Renaiss,davidcheang99,"May 26, 2026 · 12:23 AM UTC",2,0,0,11,993,"renaiss,bnbchain,tcg","[""2"", """", ""11"", ""993""]","https://nitter.net/pic/ext_tw_video_thumb%2F2059067818436599808%2Fpu%2Fimg%2FWmZZTyjwcwnbrx-f.jpg%3Fname%3Dsmall%26format%3Dwebp,https://nitter.net/pic/media%2FHJNHRY-awAAtTrW.jpg%3Fname%3Dsmall%26format%3Dwebp,https://nitter.net/pic/ext_tw_video_thumb%2F2058704113781891072%2Fpu%2Fimg%2FLwFU7DARh5xVPyF1.jpg%3Fname%3Dsmall%26format%3Dwebp,https://nitter.net/pic/media%2FHJH8e-XbAAEHAde.jpg%3Fname%3Dsmall%26format%3Dwebp",
2059051106832150828,https://x.com/blackshark0x/status/2059051106832150828,https://nitter.net/blackshark0x/status/2059051106832150828#m,เมื่อคุณส่งการ์ด C ไปเกรด แล้วได้ PSA 10 GEM MINT กลับมา 🤣 @renaissxyz #Renaiss,BlackShark .base,blackshark0x,"May 25, 2026 · 11:16 PM UTC",1,0,0,9,596,Renaiss,"[""1"", """", ""9"", ""596""]",https://nitter.net/pic/media%2FHJM4EPRa4AAHgoZ.jpg%3Fname%3Dsmall%26format%3Dwebp,
2058982140394557837,https://x.com/WEB3Seer/status/2058982140394557837,https://nitter.net/WEB3Seer/status/2058982140394557837#m,"7/ Renaiss Wallet infrastructure updated, migration required. Wallet migration, transfer of BNB and SBT. Referral battle Region Royale with 10kU pool (May 19 – June 19). Networker SBT available (until June 1). #Renaiss 8/ obsidry Project on Base, AI theme. Limited pass available on the website. Requires X, social networks, wallet. #obsidry",PANKRATION,WEB3Seer,"May 25, 2026 · 6:42 PM UTC",1,0,0,0,48,"Renaiss,obsidry","[""1"", """", """", ""48""]",,
2058929009187291629,https://x.com/SmartWeb3God/status/2058929009187291629,https://nitter.net/SmartWeb3God/status/2058929009187291629#m,รอบนี้ลองจุ่มฟีเจอร์ใหม่เปิดที 10 Pack จุ่มทีนึง $480 USDT 😂 สรุปเกลือครับิเอื้อออออ Boss I need your help 😆🙏🏻 @Plus_Ultra_715 @renaissxyz คนไทยใส่สุดอยู่แล้ว 🔥 @Renaiss_TH #Renaiss,Smart Web3 God,SmartWeb3God,"May 25, 2026 · 3:11 PM UTC",12,2,0,22,1496,Renaiss,"[""12"", ""2"", ""22"", ""1,496""]",https://nitter.net/pic/amplify_video_thumb%2F2058928907227987968%2Fimg%2FvJOI1ErMFov9tZyq.jpg%3Fname%3Dsmall%26format%3Dwebp,
2058926835325620703,https://x.com/MKrub8/status/2058926835325620703,https://nitter.net/MKrub8/status/2058926835325620703#m,พี่หมา โปเกมอนกาชาเทรนเนอร์ 🐕🦮 วันนี้มาลองจุ่ม Omega Pack แบบ 10x ค่าจุ่ม 480 USDT เพลิดเพลินมาก กราบขอบพระคุณ @renaissxyz ที่ออกฟีเจอร์นี้มาให้ สนุกแท้ 🤣🤣 คนไทยจุ่มไม่แพ้ชาติใดในโลก @Renaiss_TH #Renaiss,MarkerDoge ZAMA 🐕🐘,MKrub8,"May 25, 2026 · 3:03 PM UTC",24,4,0,43,2610,Renaiss,"[""24"", ""4"", ""43"", ""2,610""]",https://nitter.net/pic/amplify_video_thumb%2F2058926715116883968%2Fimg%2FLI72DxYVZQ3ud-io.jpg%3Fname%3Dsmall%26format%3Dwebp,
2058915913530048778,https://x.com/MKrub8/status/2058915913530048778,https://nitter.net/MKrub8/status/2058915913530048778#m,หลังจากไปทำบุญขอพรให้ได้การ์ด Pokemon Tier S ลองสุ่ม Omega ไป 12 แพค โดนไป 12 C ใจก็ท้อแล้ว ขาดทุนกระจุย เลยนำเงินที่เหลือสุ่มอีกชุด ได้ S กลับมา ขอบคุณเด้อครับ ความฝันเป็นจริงแล้ว 🥹🥹 กราบ @renaissxyz #Renaiss,MarkerDoge ZAMA 🐕🐘,MKrub8,"May 25, 2026 · 2:19 PM UTC",21,3,0,44,2586,Renaiss,"[""21"", ""3"", ""44"", ""2,586""]","https://nitter.net/pic/media%2FHJK9G4taUAAIPkV.jpg%3Fname%3Dsmall%26format%3Dwebp,https://nitter.net/pic/media%2FHI-3_VWbwAA_xV6.jpg%3Fname%3Dsmall%26format%3Dwebp,https://nitter.net/pic/media%2FHI-3_VbaMAAU25v.jpg%3Fname%3Dsmall%26format%3Dwebp",
2058868930601730486,https://x.com/Renaiss_TH/status/2058868930601730486,https://nitter.net/Renaiss_TH/status/2058868930601730486#m,รวมภาพบรรยากาศจากงาน The alternative asset classes RWA Edition by BINANCE TH Academy ครับ @renaissxyz @Binance_TH_ #renaiss,Renaiss TCG Thailand,Renaiss_TH,"May 25, 2026 · 11:12 AM UTC",0,0,0,7,306,renaiss,"["""", """", ""7"", ""306""]",https://nitter.net/pic/amplify_video_thumb%2F2058763688258199552%2Fimg%2F1zfSNCGesvGlf4GZ.jpg%3Fname%3Dsmall%26format%3Dwebp,
2058823876063482315,https://x.com/Mark_Memelord/status/2058823876063482315,https://nitter.net/Mark_Memelord/status/2058823876063482315#m,ALPHA REDEMPTION DONE ✅ What @renaissxyz cooking next ? 😎 在把你卖掉之前拍个视频记录一下 曾经拥有🥹 我在天堂或地狱抽到的 2004 Vintage First Edition Zapdos ⚡️ @RenaissMyCM #renaiss #zapdos #pokemon,Mark,Mark_Memelord,"May 25, 2026 · 8:13 AM UTC",7,1,0,18,1022,"renaiss,zapdos,pokemon","[""7"", ""1"", ""18"", ""1,022""]","https://nitter.net/pic/amplify_video_thumb%2F2058823729715765248%2Fimg%2FQQfG-enZXb9yAptr.jpg%3Fname%3Dsmall%26format%3Dwebp,https://nitter.net/pic/media%2FHIyekKfaQAAyw0s.jpg%3Fname%3Dsmall%26format%3Dwebp,https://nitter.net/pic/media%2FHIyekKnbsAAK7Rd.jpg%3Fname%3Dsmall%26format%3Dwebp",
2058781106225426819,https://x.com/chimnon1993/status/2058781106225426819,https://nitter.net/chimnon1993/status/2058781106225426819#m,"Finally earn the Community SBT role on Renaiss! 🎉 After 2 months, it feels really good to receive this recognition 💜 Big thanks to the team for this. Will continue contributing and growing together with the project 🚀 Join with me: renaiss.xyz/ref/vlchinen @renaissxyz #Renaiss",chimnon,chimnon1993,"May 25, 2026 · 5:24 AM UTC",0,0,0,0,16,Renaiss,"["""", """", """", ""16""]",https://nitter.net/pic/media%2FHJJByqVaQAAJjvH.png%3Fname%3Dsmall%26format%3Dwebp,
2058704140407316783,https://x.com/davidcheang99/status/2058704140407316783,https://nitter.net/davidcheang99/status/2058704140407316783#m,"To get the Van Gogh Pikachu and SBT, I’m planning to do one pull a day until I reach 40 tickets or the event ends ！ 为了获得梵高皮及 SBT ,打算一天一抽直到累积 40票 或活动结束😍🫰 #renaiss #bnbchain #tcg Day 9 23 ticket count Explore here 💫 renaiss.xyz/ref/unstoppable",DDavid.Renaiss,davidcheang99,"May 25, 2026 · 12:18 AM UTC",2,0,0,12,1238,"renaiss,bnbchain,tcg","[""2"", """", ""12"", ""1,238""]","https://nitter.net/pic/ext_tw_video_thumb%2F2058704113781891072%2Fpu%2Fimg%2FLwFU7DARh5xVPyF1.jpg%3Fname%3Dsmall%26format%3Dwebp,https://nitter.net/pic/media%2FHJH8e-XbAAEHAde.jpg%3Fname%3Dsmall%26format%3Dwebp,https://nitter.net/pic/ext_tw_video_thumb%2F2058486586233532416%2Fpu%2Fimg%2FOmaaK39OzjbvjFKv.jpg%3Fname%3Dsmall%26format%3Dwebp,https://nitter.net/pic/media%2FHJE2pM9bQAADzsp.jpg%3Fname%3Dsmall%26format%3Dwebp",
2058563889227600105,https://x.com/alvin_c/status/2058563889227600105,https://nitter.net/alvin_c/status/2058563889227600105#m,"It’s a wrap — back to reality now. Time to continue grinding harder, earn more, rip more packs on @renaissxyz , and pick up more slabs from the market!!! 🔥 #Renaiss @RenaissMyCM @renaiss_cmty",AlvinChai | Renaiss,alvin_c,"May 24, 2026 · 3:00 PM UTC",8,1,0,14,691,Renaiss,"[""8"", ""1"", ""14"", ""691""]","https://nitter.net/pic/media%2FHJF88Xub0AAp-Sk.jpg%3Fname%3Dsmall%26format%3Dwebp,https://nitter.net/pic/media%2FHJAxLT3aQAAIoE2.jpg%3Fname%3Dsmall%26format%3Dwebp,https://nitter.net/pic/media%2FHJAxLrubcAAMbCy.jpg%3Fname%3Dsmall%26format%3Dwebp,https://nitter.net/pic/media%2FHJAxMRkakAAuJcM.jpg%3Fname%3Dsmall%26format%3Dwebp,https://nitter.net/pic/media%2FHJAxM5ObwAAdTrZ.jpg%3Fname%3Dsmall%26format%3Dwebp",
2058545001349476381,https://x.com/thetanaklit/status/2058545001349476381,https://nitter.net/thetanaklit/status/2058545001349476381#m,เกือบลืมที่จะอัพเดทผลประกอบการของนักเสี่ยงโชค Magma Pack ในรอบที่ผ่านมา @renaissxyz ถ้าคุณโชคดีได้การ์ดระดับ Tier A ขึ้นไปสำคัญมากอย่าลืมที่จะอัดวิดิโอการเปิดไว้ และสามารถรับ sbt สุดพิเศษ #renaiss NFA and DYOR renaiss.xyz/ref/25sep,25SΞp🐐,thetanaklit,"May 24, 2026 · 1:45 PM UTC",4,1,0,11,334,renaiss,"[""4"", ""1"", ""11"", ""334""]",https://nitter.net/pic/amplify_video_thumb%2F2058543329843781632%2Fimg%2FeQNvmoDVMe5v5GjW.jpg%3Fname%3Dsmall%26format%3Dwebp,
2058529546769682448,https://x.com/berryy_654/status/2058529546769682448,https://nitter.net/berryy_654/status/2058529546769682448#m,Took a moment today to visit the temple and pray for the @renaissxyz fam 🙏 Health. Wealth. Wins. Let’s all hit our Tier S arc together 😝 #renaiss,l3erry | bio/acc,berryy_654,"May 24, 2026 · 12:44 PM UTC",3,4,0,22,617,renaiss,"[""3"", ""4"", ""22"", ""617""]",https://nitter.net/pic/media%2FHJFdtWTawAEGOTs.jpg%3Fname%3Dsmall%26format%3Dwebp,
2058509150041301010,https://x.com/davidcheang99/status/2058509150041301010,https://nitter.net/davidcheang99/status/2058509150041301010#m,Cool souvenir from my favorite TCG project @renaissxyz 😎 Perfect match for first card i claimed！！ #Renaiss,DDavid.Renaiss,davidcheang99,"May 24, 2026 · 11:23 AM UTC",3,0,0,12,458,Renaiss,"[""3"", """", ""12"", ""458""]",https://nitter.net/pic/ext_tw_video_thumb%2F2058509122413428736%2Fpu%2Fimg%2FbwLB8WkJGQPo5AnH.jpg%3Fname%3Dsmall%26format%3Dwebp,
2058503101209022930,https://x.com/daen97/status/2058503101209022930,https://nitter.net/daen97/status/2058503101209022930#m,今天的快樂是@renaissxyz 給的～ 參加項目3個月了也沒有很認真去cx 今天才拿到社區sbt 🤣🤣 始終相信sbt是未來權重很高的一部分 加油深耕 💪🏽 Community win = Renaiss win #renaiss @Plus_Ultra_715 @Renaiss_CN @RenaissMyCM,Daen,daen97,"May 24, 2026 · 10:59 AM UTC",0,0,0,5,201,renaiss,"["""", """", ""5"", ""201""]",https://nitter.net/pic/media%2FHJFFoxvbkAATFYi.jpg%3Fname%3Dsmall%26format%3Dwebp,
2058486608744349884,https://x.com/davidcheang99/status/2058486608744349884,https://nitter.net/davidcheang99/status/2058486608744349884#m,"To get the Van Gogh Pikachu and SBT, I’m planning to do one pull a day until I reach 40 tickets or the event ends ！ 为了获得梵高皮及 SBT ,打算一天一抽直到累积 40票 或活动结束😍🫰 #renaiss #bnbchain #tcg Day 8 22 ticket count Explore here 💫 renaiss.xyz/ref/unstoppable",DDavid.Renaiss,davidcheang99,"May 24, 2026 · 9:53 AM UTC",2,1,0,10,1255,"renaiss,bnbchain,tcg","[""2"", ""1"", ""10"", ""1,255""]","https://nitter.net/pic/ext_tw_video_thumb%2F2058486586233532416%2Fpu%2Fimg%2FOmaaK39OzjbvjFKv.jpg%3Fname%3Dsmall%26format%3Dwebp,https://nitter.net/pic/media%2FHJE2pM9bQAADzsp.jpg%3Fname%3Dsmall%26format%3Dwebp,https://nitter.net/pic/ext_tw_video_thumb%2F2057480728691318784%2Fpu%2Fimg%2F-uiJ1lFLY45ZOkjN.jpg%3Fname%3Dsmall%26format%3Dwebp",
2058469796359127431,https://x.com/prayutnahee55/status/2058469796359127431,https://nitter.net/prayutnahee55/status/2058469796359127431#m,"Buying my pizza with fiat today, but still dreaming of that 10k BTC transaction from 2010. Cheers to the most expensive pizzas ever! 🍕💸 Happy #BitcoinPizzaDay @renaissxyz #Renaiss",KAPI Ⓜ️,prayutnahee55,"May 24, 2026 · 8:46 AM UTC",1,0,0,0,129,"BitcoinPizzaDay,Renaiss","[""1"", """", """", ""129""]",https://nitter.net/pic/media%2FHJEnXgxbMAEOjJ4.jpg%3Fname%3Dsmall%26format%3Dwebp,
2058440263140614479,https://x.com/kim_mallang/status/2058440263140614479,https://nitter.net/kim_mallang/status/2058440263140614479#m,"Happy Bitcoin Pizza Day ! One pizza changed crypto history forever. Celebrating Pizza Day with @renaissxyz good vibes, good pizza, and Web3 memories in the making. Who knew pizza would become one of the most legendary purchases in crypto history? 🚀 #Renaiss @renaissxyz",kim_mallang,kim_mallang,"May 24, 2026 · 6:49 AM UTC",0,0,0,0,14,Renaiss,"["""", """", """", ""14""]",https://nitter.net/pic/media%2FHJEMKN1bsAAH15q.jpg%3Fname%3Dsmall%26format%3Dwebp,
2058426188989903326,https://x.com/acdmoon/status/2058426188989903326,https://nitter.net/acdmoon/status/2058426188989903326#m,Happy pizza day 😍 @renaissxyz #renaiss,"acdmoon $M | 🐜 (❖,❖) MemeMax⚡️",acdmoon,"May 24, 2026 · 5:53 AM UTC",0,0,0,0,11,renaiss,"["""", """", """", ""11""]","https://nitter.net/pic/media%2FHJD_hPrboAAMDZX.png%3Fname%3Dsmall%26format%3Dwebp,https://nitter.net/pic/media%2FHI6yj1xbsAAU-uf.jpg%3Fname%3Dsmall%26format%3Dwebp",
2058409987970564162,https://x.com/xbaitu9966/status/2058409987970564162,https://nitter.net/xbaitu9966/status/2058409987970564162#m,Pizza day happy❗ 和@renaissxyz共度有趣的披萨节，美味饼香萦绕身旁，松弛欢聚惬意相伴。舌尖解锁多样风味，美好时刻定格留存，乐享轻松欢快的节日时光。 #Renaiss,张子,xbaitu9966,"May 24, 2026 · 4:49 AM UTC",0,0,0,0,20,Renaiss,"["""", """", """", ""20""]","https://nitter.net/pic/media%2FHJDw-dCaEAAmQZO.jpg%3Fname%3Dsmall%26format%3Dwebp,https://nitter.net/pic/media%2FHI6yj1xbsAAU-uf.jpg%3Fname%3Dsmall%26format%3Dwebp",
2058401234814717974,https://x.com/shlro_920/status/2058401234814717974,https://nitter.net/shlro_920/status/2058401234814717974#m,Great day with great pizza with @renaissxyz #renaiss,Jack,shlro_920,"May 24, 2026 · 4:14 AM UTC",0,0,0,0,5,renaiss,"["""", """", """", ""5""]","https://nitter.net/pic/media%2FHJDpAzragAAUz1e.jpg%3Fname%3Dsmall%26format%3Dwebp,https://nitter.net/pic/media%2FHI6yj1xbsAAU-uf.jpg%3Fname%3Dsmall%26format%3Dwebp",
2058400196330135695,https://x.com/shirox_3/status/2058400196330135695,https://nitter.net/shirox_3/status/2058400196330135695#m,Throwback to the @renaissxyz pizza day it been a such fun event until not much photo is taken during the event #renaiss,Shiro | Renaiss |🐬TermMax,shirox_3,"May 24, 2026 · 4:10 AM UTC",1,0,0,1,26,renaiss,"[""1"", """", ""1"", ""26""]","https://nitter.net/pic/media%2FHJDoEQYbcAEgIkt.jpg%3Fname%3Dsmall%26format%3Dwebp,https://nitter.net/pic/media%2FHJDoEQbawAA06DU.jpg%3Fname%3Dsmall%26format%3Dwebp,https://nitter.net/pic/media%2FHJDoEQca4AAepq_.jpg%3Fname%3Dsmall%26format%3Dwebp,https://nitter.net/pic/media%2FHI6yj1xbsAAU-uf.jpg%3Fname%3Dsmall%26format%3Dwebp",
2058395387984216472,https://x.com/Froakie77/status/2058395387984216472,https://nitter.net/Froakie77/status/2058395387984216472#m,現在參與 @renaissxyz Bitcoin Pizza Day 活動 就有機會獲得$52 USDT × 10 位幸運名額 只要po pizza 相關圖片 並標記@renaissxyz ，在底下回覆就有機會能獲得 只到今天19:00（UTC+8） #Renaiss,Froakie@Renaiss,Froakie77,"May 24, 2026 · 3:51 AM UTC",0,0,0,1,19,Renaiss,"["""", """", ""1"", ""19""]","https://nitter.net/pic/media%2FHJDdeb0awAAfqXF.jpg%3Fname%3Dsmall%26format%3Dwebp,https://nitter.net/pic/media%2FHI6yj1xbsAAU-uf.jpg%3Fname%3Dsmall%26format%3Dwebp",
2058358640592187652,https://x.com/MKrub8/status/2058358640592187652,https://nitter.net/MKrub8/status/2058358640592187652#m,Happy Pokemon TCG & Happy Pizza Day Take time with Pizza and get lucky with @renaissxyz ahahah Pika Pika Pikachuuuu #Renaiss ปล. ทำโพสท์ Pizza รับ SBT ฟรีๆ ที่ต้นโพสท์นะครับ โปรเจค ได้ Fund จาก Yzilabs เด้อ,MarkerDoge ZAMA 🐕🐘,MKrub8,"May 24, 2026 · 1:25 AM UTC",17,4,0,33,2308,Renaiss,"[""17"", ""4"", ""33"", ""2,308""]","https://nitter.net/pic/media%2FHJDCRKzbgAAb7QY.jpg%3Fname%3Dsmall%26format%3Dwebp,https://nitter.net/pic/media%2FHJDCRK7bkAA1jzR.jpg%3Fname%3Dsmall%26format%3Dwebp,https://nitter.net/pic/media%2FHJDCRKyaoAAdr1v.jpg%3Fname%3Dsmall%26format%3Dwebp,https://nitter.net/pic/media%2FHJDCRK4a4AADQfD.jpg%3Fname%3Dsmall%26format%3Dwebp,https://nitter.net/pic/media%2FHI6yj1xbsAAU-uf.jpg%3Fname%3Dsmall%26format%3Dwebp",
2057982710329827466,https://x.com/innerpeace300/status/2057982710329827466,https://nitter.net/innerpeace300/status/2057982710329827466#m,"Renaiss와 함께하는 오프라인 행사 후기 & 잉어킹 스탬프 이벤트 AMA 라이브! @renaissxyz #Renaiss 정말 많은 분들이 참여한 이벤트!🔥 과연 대망의 1등 잉어킹의 주인공은 누가 될지, 당첨 발표를 기다리는 내내 심장이 두근두근 흥미진진한 시간이었습니다. (잉어킹 정말 탐났는데 말이죠!😂) 비록 저는 아쉽게도 당첨되지 못했지만, 발표를 지켜보는 과정 자체만으로도 충분히 즐긴 시간이었네요. 또한 앞으로 Renaiss가 보여줄 생태계와 콘텐츠에 대한 기대감이 커졌습니다. 그리고 반가운 소식 하나! 다가오는 6월에도 서울에서 다시 한 번 Renaiss를 직접 만날 수 있는 오프라인 자리가 예정되어 있다고 하네요. 이번 이벤트에 참여하지 못해 아쉬웠던 분들도 다음 행사에서는 함께 경험해 보셨으면 좋겠습니다. 저도 무조건 시간 내서 참여할 예정입니다! 앞으로 또 어떤 새로운 소식과 흥미진진한 이벤트들이 이어질지 벌써부터 기대됩니다. Renaiss가 앞으로 만들어갈 다음 이야기들도 계속 응원합니다!","vita5000 | 𝔽rAI (❖,❖)",innerpeace300,"May 23, 2026 · 12:31 AM UTC",1,0,0,5,162,Renaiss,"[""1"", """", ""5"", ""162""]",https://nitter.net/pic/media%2FHI9sQ_YaUAA2fQZ.jpg%3Fname%3Dsmall%26format%3Dwebp,
2057978784159330459,https://x.com/jewuncle21/status/2057978784159330459,https://nitter.net/jewuncle21/status/2057978784159330459#m,Yummy pizza🍕🥳 shoutout to @Binance_TH_ & @renaissxyz #renaiss #renaissbkk @Renaiss_TH,Jew21,jewuncle21,"May 23, 2026 · 12:15 AM UTC",0,0,0,1,33,"renaiss,renaissbkk","["""", """", ""1"", ""33""]","https://nitter.net/pic/media%2FHI9oyxFbwAAmdAi.jpg%3Fname%3Dsmall%26format%3Dwebp,https://nitter.net/pic/media%2FHI9oyxBbkAESwTR.jpg%3Fname%3Dsmall%26format%3Dwebp",
2057955347751694696,https://x.com/innerpeace300/status/2057955347751694696,https://nitter.net/innerpeace300/status/2057955347751694696#m,피자데이 🍕 Renaiss와 함께해요~ @renaissxyz #Renaiss 역사적인 Bitcoin Pizza Day Renaiss와 함께할 수 있어 영광입니다! 피자도 먹고 Renaiss도 즐기고! Renaiss가 만들어갈 TCG 기대할께요!,"vita5000 | 𝔽rAI (❖,❖)",innerpeace300,"May 22, 2026 · 10:42 PM UTC",1,0,0,1,73,Renaiss,"[""1"", """", ""1"", ""73""]","https://nitter.net/pic/media%2FHI9TW1MbMAAX0u2.jpg%3Fname%3Dsmall%26format%3Dwebp,https://nitter.net/pic/media%2FHI6yj1xbsAAU-uf.jpg%3Fname%3Dsmall%26format%3Dwebp",
2057882349858435132,https://x.com/berryy_654/status/2057882349858435132,https://nitter.net/berryy_654/status/2057882349858435132#m,Happy Pizza🍕 Day with Renaiss @renaissxyz @Renaiss_TH #renaissbkk #renaiss,l3erry | bio/acc,berryy_654,"May 22, 2026 · 5:52 PM UTC",0,0,0,2,111,"renaissbkk,renaiss","["""", """", ""2"", ""111""]",https://nitter.net/pic/media%2FHI8RFboa8AAAXgK.jpg%3Fname%3Dsmall%26format%3Dwebp,
2057878803410723304,https://x.com/Mark_Memelord/status/2057878803410723304,https://nitter.net/Mark_Memelord/status/2057878803410723304#m,Redeem my 20 slabs I buy and pulled from @renaissxyz 🔥 I’m actually just started my TCG not long ago Now i have more than 20 slabs 🙌🏻 all from Renaiss 😎 This is just the beginning 🔥I’ll get more soon Btw … Should I do 1 day 1 pull challenge on Renaiss ? 🫢 #renaiss,Mark,Mark_Memelord,"May 22, 2026 · 5:38 PM UTC",4,0,0,22,1024,renaiss,"[""4"", """", ""22"", ""1,024""]",https://nitter.net/pic/amplify_video_thumb%2F2057878714076286976%2Fimg%2FZJhIn0LxjMog8yiR.jpg%3Fname%3Dsmall%26format%3Dwebp,
2057870255947661682,https://x.com/runningbin3/status/2057870255947661682,https://nitter.net/runningbin3/status/2057870255947661682#m,今日的热量都献给Pizza Day和Renaiss 🍕🍕🍕 #pizzaday #renaiss @renaissxyz @Renaiss_CN,runningbin⛰️🪐🪨,runningbin3,"May 22, 2026 · 5:04 PM UTC",0,0,0,2,29,"pizzaday,renaiss","["""", """", ""2"", ""29""]","https://nitter.net/pic/media%2FHI8FXmYasAAn2wJ.jpg%3Fname%3Dsmall%26format%3Dwebp,https://nitter.net/pic/media%2FHI8FZKXacAAjE5D.jpg%3Fname%3Dsmall%26format%3Dwebp",
2057863379939971181,https://x.com/nopzty/status/2057863379939971181,https://nitter.net/nopzty/status/2057863379939971181#m,See you tmr 🇭🇰 #Renaiss @renaissxyz,Nemo,nopzty,"May 22, 2026 · 4:37 PM UTC",4,2,0,18,718,Renaiss,"[""4"", ""2"", ""18"", ""718""]","https://nitter.net/pic/media%2FHI7_0c1asAA-Hes.jpg%3Fname%3Dsmall%26format%3Dwebp,https://nitter.net/pic/media%2FHI7_0c3aMAEMLrG.jpg%3Fname%3Dsmall%26format%3Dwebp",
2057848788849737998,https://x.com/0x1001/status/2057848788849737998,https://nitter.net/0x1001/status/2057848788849737998#m,剛剛接到一片披薩 才想起來是披薩日 一起慶祝這個幣圈人的節日🫡 然後要去收玩具了.... @renaissxyz #Renaiss #RWA #bnbchain,0x1001 @Renaiss、トレカ情報,0x1001,"May 22, 2026 · 3:39 PM UTC",2,0,0,7,352,"Renaiss,RWA,bnbchain","[""2"", """", ""7"", ""352""]","https://nitter.net/pic/media%2FHI7yERVbgAAMQo9.jpg%3Fname%3Dsmall%26format%3Dwebp,https://nitter.net/pic/media%2FHI6yj1xbsAAU-uf.jpg%3Fname%3Dsmall%26format%3Dwebp",
2057847303546061225,https://x.com/Mark_Memelord/status/2057847303546061225,https://nitter.net/Mark_Memelord/status/2057847303546061225#m,With the Fam 🔥 @davidcheang99 @genekmkz @alvin_c Good show today ✌🏻 @renaissxyz X Bitcoin Pizza Day 🍕 #renaiss,Mark,Mark_Memelord,"May 22, 2026 · 3:33 PM UTC",2,1,0,12,386,renaiss,"[""2"", ""1"", ""12"", ""386""]",https://nitter.net/pic/media%2FHI7pXTXasAA0pZ_.jpg%3Fname%3Dsmall%26format%3Dwebp,
2057844845067338182,https://x.com/Donald_mvp/status/2057844845067338182,https://nitter.net/Donald_mvp/status/2057844845067338182#m,Will we have a movie night with @renaissxyz ? Haha Just watch this MandalorianAISS With the Grogu 😝 #renaiss,DonaldP 🏴‍☠️,Donald_mvp,"May 22, 2026 · 3:23 PM UTC",1,0,0,15,465,renaiss,"[""1"", """", ""15"", ""465""]","https://nitter.net/pic/media%2FHI7u-O0bsAA72Zj.jpg%3Fname%3Dsmall%26format%3Dwebp,https://nitter.net/pic/media%2FHI7u-PEbYAAPo-O.jpg%3Fname%3Dsmall%26format%3Dwebp",
2057840579875422657,https://x.com/blackshark0x/status/2057840579875422657,https://nitter.net/blackshark0x/status/2057840579875422657#m,My first review for @renaissxyz project on @ethos_network #Renaiss app.ethos.network/activity/r…,BlackShark .base,blackshark0x,"May 22, 2026 · 3:06 PM UTC",0,1,0,3,230,Renaiss,"["""", ""1"", ""3"", ""230""]",,
2057834789697446119,https://x.com/surmiao/status/2057834789697446119,https://nitter.net/surmiao/status/2057834789697446119#m,在跑步机上爬坡的时候 抽了一发！ 然后就出a了！！哈哈哈 回了一口大血！就是没忍住又抽了一发c🤣 亏gg 又是nice day 啦🥰 抽到我喜欢的皮卡丘 听说玄学sbt可以叠加，今天有两个sbt辽！ a的动画很好看🤩 ，希望下次可以看到s的动画 @renaissxyz #Renaiss #RWA #bnbchain,sur🌟,surmiao,"May 22, 2026 · 2:43 PM UTC",0,0,0,3,629,"Renaiss,RWA,bnbchain","["""", """", ""3"", ""629""]",https://nitter.net/pic/amplify_video_thumb%2F2057828892086566912%2Fimg%2FKcoI3Yw-xpNL3Qt3.jpg%3Fname%3Dsmall%26format%3Dwebp,
2057831175415382220,https://x.com/daen97/status/2057831175415382220,https://nitter.net/daen97/status/2057831175415382220#m,🍕 披薩日和Renaiss的兄弟們在吉隆坡市中心領卡，開卡，吃披薩 喝啤酒 整個活動太棒了還被抽中lucky draw也終於見到老闆本人和團隊啦～ 看看運氣能不能延生再拿個 52u的獎勵 👀 #renaiss #ptcg @renaissxyz @Plus_Ultra_715 @RenaissMyCM,Daen,daen97,"May 22, 2026 · 2:29 PM UTC",2,0,0,8,315,"renaiss,ptcg","[""2"", """", ""8"", ""315""]","https://nitter.net/pic/media%2FHI7iPuUbsAANpl6.jpg%3Fname%3Dsmall%26format%3Dwebp,https://nitter.net/pic/media%2FHI7iPuFaoAAzcUS.jpg%3Fname%3Dsmall%26format%3Dwebp,https://nitter.net/pic/media%2FHI7iPuHbEAATgi7.jpg%3Fname%3Dsmall%26format%3Dwebp,https://nitter.net/pic/media%2FHI7iPuPasAAL4aJ.jpg%3Fname%3Dsmall%26format%3Dwebp",
2057826803742630125,https://x.com/AWeb3Going/status/2057826803742630125,https://nitter.net/AWeb3Going/status/2057826803742630125#m,据说我们简中的海贼王四周年礼盒 今天亮相的 蛇（女帝）和龙（桃之助） 已经迷倒很多老外了哦 这个品不要太美～ 十二生肖是真的漂亮 @renaissxyz #OPTCG #renaiss,Fisher 🌊RIVER | Renaiss,AWeb3Going,"May 22, 2026 · 2:11 PM UTC",2,0,0,20,1747,"OPTCG,renaiss","[""2"", """", ""20"", ""1,747""]","https://nitter.net/pic/media%2FHI7d1JfaoAAEpJl.jpg%3Fname%3Dsmall%26format%3Dwebp,https://nitter.net/pic/media%2FHI7eJHLbkAAXCOk.png%3Fname%3Dsmall%26format%3Dwebp",
2057823754361921911,https://x.com/blackshark0x/status/2057823754361921911,https://nitter.net/blackshark0x/status/2057823754361921911#m,Enjoy Thai-style pizza with Tom Yum Goong and Keaw Wan Kai topping. @renaissxyz #Renaiss,BlackShark .base,blackshark0x,"May 22, 2026 · 1:59 PM UTC",2,0,0,2,478,Renaiss,"[""2"", """", ""2"", ""478""]","https://nitter.net/pic/media%2FHI7bOqtagAAzfIq.jpg%3Fname%3Dsmall%26format%3Dwebp,https://nitter.net/pic/media%2FHI6yj1xbsAAU-uf.jpg%3Fname%3Dsmall%26format%3Dwebp",
2057815383839846602,https://x.com/liyinjyun/status/2057815383839846602,https://nitter.net/liyinjyun/status/2057815383839846602#m,5/22比特幣披薩日快樂~ 今天除了吃PIZZA以外🍕 別忘了參加 @renaissxyz 的活動 總共會有10位幸運兒可以得到52USDT的獎勵🫰 #renaiss,羊咩咩🐑.m🐜 ∞ KIN｜MemeMax⚡️,liyinjyun,"May 22, 2026 · 1:26 PM UTC",2,0,0,4,348,renaiss,"[""2"", """", ""4"", ""348""]","https://nitter.net/pic/media%2FHI7TRQFbcAAUomI.jpg%3Fname%3Dsmall%26format%3Dwebp,https://nitter.net/pic/media%2FHI6yj1xbsAAU-uf.jpg%3Fname%3Dsmall%26format%3Dwebp",
2057815207322497427,https://x.com/CNM82729/status/2057815207322497427,https://nitter.net/CNM82729/status/2057815207322497427#m,發文🍕節圖片並Tag @renaissxyz 回覆貼文並填寫表格 拿取Pizza Day SBT！ 選了一個跟Pizza相關的 Snorlax LV.X: PROMO Happy Bitcoin Pizza Day 🥳 @Renaiss_CN #Renaiss,Eddy | Renaiss,CNM82729,"May 22, 2026 · 1:25 PM UTC",0,0,0,1,171,Renaiss,"["""", """", ""1"", ""171""]","https://nitter.net/pic/media%2FHI7UBVXaAAAERYO.jpg%3Fname%3Dsmall%26format%3Dwebp,https://nitter.net/pic/media%2FHI6yj1xbsAAU-uf.jpg%3Fname%3Dsmall%26format%3Dwebp",
2057806634794287592,https://x.com/miaomiao_eth/status/2057806634794287592,https://nitter.net/miaomiao_eth/status/2057806634794287592#m,每年這時刻都是各大交易所送披薩的日子，今天收到了 @binance 送來的可愛 PIZZA 抱枕！ 然後我自己買了火山熔岩披薩吃🤣 有沒有其他交易所的披薩還沒送到我手上的快聯繫我 ( 並沒有 最後別忘記參加 @renaissxyz 的披薩活動啦！ #Renaiss,miaomiao_eth,miaomiao_eth,"May 22, 2026 · 12:51 PM UTC",8,1,0,22,953,Renaiss,"[""8"", ""1"", ""22"", ""953""]","https://nitter.net/pic/media%2FHI7MC8LbQAAxGIN.jpg%3Fname%3Dsmall%26format%3Dwebp,https://nitter.net/pic/media%2FHI7MDufaAAE6FtR.jpg%3Fname%3Dsmall%26format%3Dwebp,https://nitter.net/pic/media%2FHI6yj1xbsAAU-uf.jpg%3Fname%3Dsmall%26format%3Dwebp",
2057788578659537208,https://x.com/gimmeyr_gem/status/2057788578659537208,https://nitter.net/gimmeyr_gem/status/2057788578659537208#m,HAPPY BITCOIN PIZZA DAY I wish I will win the S card for the next @renaissxyz limited pack 😄😄 Thanks for the Pizza badge! #renaiss,0xpimmy | Renaiss,gimmeyr_gem,"May 22, 2026 · 11:40 AM UTC",0,0,0,0,12,renaiss,"["""", """", """", ""12""]",https://nitter.net/pic/media%2FHI67X4oa4AA-tDr.jpg%3Fname%3Dsmall%26format%3Dwebp,
2057787919860187486,https://x.com/choo_h3nry/status/2057787919860187486,https://nitter.net/choo_h3nry/status/2057787919860187486#m,"比特币披萨日快乐 Happy Bitcoin Pizza Day 🍕@renaissxyz @RenaissMyCM In 2010, one pizza order became one of crypto’s earliest real-world purchase moments. Years later, real-world moments are still finding their way on-chain. #renaiss #malaysia",H3nry choo,choo_h3nry,"May 22, 2026 · 11:37 AM UTC",0,0,0,0,25,"renaiss,malaysia","["""", """", """", ""25""]",https://nitter.net/pic/media%2FHI67M8SagAEB_Fw.jpg%3Fname%3Dsmall%26format%3Dwebp,
2057786875524583877,https://x.com/ebleth9/status/2057786875524583877,https://nitter.net/ebleth9/status/2057786875524583877#m,Attended Renaiss Pizza Day @renaissxyz #renaiss,Ebleth ♦️,ebleth9,"May 22, 2026 · 11:33 AM UTC",0,0,0,0,7,renaiss,"["""", """", """", ""7""]","https://nitter.net/pic/media%2FHI66NSBbwAAIzxE.jpg%3Fname%3Dsmall%26format%3Dwebp,https://nitter.net/pic/media%2FHI66NTXaoAALzXs.jpg%3Fname%3Dsmall%26format%3Dwebp,https://nitter.net/pic/media%2FHI66NUEaAAELWWB.jpg%3Fname%3Dsmall%26format%3Dwebp,https://nitter.net/pic/media%2FHI66NVdb0AAW2th.jpg%3Fname%3Dsmall%26format%3Dwebp",
2057786727029440922,https://x.com/cazuuming/status/2057786727029440922,https://nitter.net/cazuuming/status/2057786727029440922#m,@renaissxyz Pizza Day @Plus_Ultra_715 giving speech #renaiss KL peeps come now!!,Tommy Chieng,cazuuming,"May 22, 2026 · 11:32 AM UTC",0,0,0,0,8,renaiss,"["""", """", """", ""8""]",https://nitter.net/pic/amplify_video_thumb%2F2057786653981437952%2Fimg%2FQ8R7mhF5zTkVWl6q.jpg%3Fname%3Dsmall%26format%3Dwebp,
2057784591075901526,https://x.com/NuNoyDeFi/status/2057784591075901526,https://nitter.net/NuNoyDeFi/status/2057784591075901526#m,Happy Bitcoin Pizza Day 🍕✨ A beautiful slice to celebrate one of crypto’s most iconic real-world moments. From pizza in 2010 to memories on-chain today. My Pizza Day moment with @renaissxyz #BitcoinPizzaDay #Renaiss,NuNoy ✨ 😈🙆🏻‍♀️💜 | Renaiss,NuNoyDeFi,"May 22, 2026 · 11:24 AM UTC",0,0,0,0,33,"BitcoinPizzaDay,Renaiss","["""", """", """", ""33""]",https://nitter.net/pic/media%2FHI64LVtawAAZgux.jpg%3Fname%3Dsmall%26format%3Dwebp,
2057784090917773527,https://x.com/Mark_Memelord/status/2057784090917773527,https://nitter.net/Mark_Memelord/status/2057784090917773527#m,Let’s party tonight 🍕 @RenaissMyCM X Bitcoin Pizza Who’s gonna redeem to most card tonight 🫢 @renaissxyz #renaiss,Mark,Mark_Memelord,"May 22, 2026 · 11:22 AM UTC",2,0,0,11,473,renaiss,"[""2"", """", ""11"", ""473""]",https://nitter.net/pic/amplify_video_thumb%2F2057783915352592384%2Fimg%2FGmRyNpzJaE-7BiHM.jpg%3Fname%3Dsmall%26format%3Dwebp,
2057783698586743113,https://x.com/spacewalker_eth/status/2057783698586743113,https://nitter.net/spacewalker_eth/status/2057783698586743113#m,Pizza Day谁不吃披萨？啊是MiuMiu不能吃🤣 你们愿意花多少BTC来买披萨？🍕 @renaissxyz 也举办了Pizza Day 活动（有SBT）大家别错过了！ 海贼卡机要来了你确定不来玩吗？Black Label 10哦😍 renaiss.xyz/ref/theluckiest_… #Renaiss,SpaceWalker | Renaiss🌶️,spacewalker_eth,"May 22, 2026 · 11:20 AM UTC",2,0,0,1,55,Renaiss,"[""2"", """", ""1"", ""55""]",https://nitter.net/pic/media%2FHI62eLbaYAAf2qa.jpg%3Fname%3Dsmall%26format%3Dwebp,
2057777706901950553,https://x.com/nopzty/status/2057777706901950553,https://nitter.net/nopzty/status/2057777706901950553#m,"Yesterday I joined @Binance_TH_ pizza day event, Learn about RWA/tokenized, including knowing that Charlizard is worth more than half a million dollars🥵. This session is reminds me to @renaissxyz that are RWA project on @BNBCHAIN. #renaiss #renaissbkk @Renaiss_TH",Nemo,nopzty,"May 22, 2026 · 10:56 AM UTC",4,2,0,18,1102,"renaiss,renaissbkk","[""4"", ""2"", ""18"", ""1,102""]","https://nitter.net/pic/media%2FHI6x6Zha0AA6LNC.jpg%3Fname%3Dsmall%26format%3Dwebp,https://nitter.net/pic/media%2FHI6x6ZdacAAfU7z.jpg%3Fname%3Dsmall%26format%3Dwebp",
2057771606148341765,https://x.com/CNM82729/status/2057771606148341765,https://nitter.net/CNM82729/status/2057771606148341765#m,@renaissxyz Magma Pack開抽! 上禮拜4C臉超黑😨 這次1A1B5C 小虧了一些😂 @Renaiss_CN #Renaiss,Eddy | Renaiss,CNM82729,"May 22, 2026 · 10:32 AM UTC",1,0,0,2,71,Renaiss,"[""1"", """", ""2"", ""71""]","https://nitter.net/pic/media%2FHI6sXeMakAAP683.jpg%3Fname%3Dsmall%26format%3Dwebp,https://nitter.net/pic/amplify_video_thumb%2F2057747046472495104%2Fimg%2F1fQcdV2OZY3lseGx.jpg%3Fname%3Dsmall%26format%3Dwebp",
2057763434478080459,https://x.com/berryy_654/status/2057763434478080459,https://nitter.net/berryy_654/status/2057763434478080459#m,Thailand Hood hood. @renaissxyz @Renaiss_TH #renaiss 🎉🎉,l3erry | bio/acc,berryy_654,"May 22, 2026 · 10:00 AM UTC",0,0,0,1,88,renaiss,"["""", """", ""1"", ""88""]",https://nitter.net/pic/media%2FHI6cv_Oa0AAy7ge.png%3Fname%3Dsmall%26format%3Dwebp,
2057754411397730506,https://x.com/SmartWeb3God/status/2057754411397730506,https://nitter.net/SmartWeb3God/status/2057754411397730506#m,วันนี้ @renaissxyz ให้โชค จากตู้ Magma Pack 👀 จุ่มละ $100 ได้มาเดือบ $300 ก็โอเคนะเนี่ย 🔥 But still not a S-pulled with limited pack 😂 #Renaiss,Smart Web3 God,SmartWeb3God,"May 22, 2026 · 9:24 AM UTC",7,4,0,21,705,Renaiss,"[""7"", ""4"", ""21"", ""705""]",https://nitter.net/pic/media%2FHI6cbdaasAAHF8v.jpg%3Fname%3Dsmall%26format%3Dwebp,
2057750856905486689,https://x.com/chimnon1993/status/2057750856905486689,https://nitter.net/chimnon1993/status/2057750856905486689#m,Magma Pack opened today on Renaiss 😔 Pulled C-tier Heracross PSA 10. Another rough pull… Still got the Busted SBT reward though. Join with me: renaiss.xyz/ref/vlchinen @renaissxyz #Renaiss,chimnon,chimnon1993,"May 22, 2026 · 9:10 AM UTC",1,0,0,2,103,Renaiss,"[""1"", """", ""2"", ""103""]",https://nitter.net/pic/media%2FHI6ZQ7ZaUAAKr-O.jpg%3Fname%3Dsmall%26format%3Dwebp,
2057750620321526161,https://x.com/MKrub8/status/2057750620321526161,https://nitter.net/MKrub8/status/2057750620321526161#m,วันนี้เปิดแพค Magma จาก @renaissxyz ได้ A ครั้งแรกในชีวิต กับ Pikachu อิอิ ขอบคุณสำหรับค่าข้าวเบิ้มๆ 🥰🥰 เปิด 100 ดอล ขายได้ 460 ดอล ท่วมๆ อิอิ Thank Boss @Plus_Ultra_715 #Renaiss #renaiss,MarkerDoge ZAMA 🐕🐘,MKrub8,"May 22, 2026 · 9:09 AM UTC",31,7,0,46,2192,"Renaiss,renaiss","[""31"", ""7"", ""46"", ""2,192""]",https://nitter.net/pic/amplify_video_thumb%2F2057750538599755776%2Fimg%2FkxEd9tNZKV-bcmOp.jpg%3Fname%3Dsmall%26format%3Dwebp,
2057750210047340591,https://x.com/miaomiao_eth/status/2057750210047340591,https://nitter.net/miaomiao_eth/status/2057750210047340591#m,今天 @renaissxyz Magma Pack 新卡包登場 直接一抽 A ！！ 我已經連續三包一抽都是 A 了哈哈哈哈！！舒服！ #Renaiss,miaomiao_eth,miaomiao_eth,"May 22, 2026 · 9:07 AM UTC",13,1,0,28,998,Renaiss,"[""13"", ""1"", ""28"", ""998""]",https://nitter.net/pic/amplify_video_thumb%2F2057750137649373184%2Fimg%2FuskWlX2zHcm1_BQA.jpg%3Fname%3Dsmall%26format%3Dwebp,
2057738179638362369,https://x.com/daen97/status/2057738179638362369,https://nitter.net/daen97/status/2057738179638362369#m,是什麼東西亮燈啦？👀 這算是項目方給前期用戶的甜頭了～ 團隊應該還在修bug中 因為看了看卡的所在地和鏈上顯示的金庫地點不吻合 等不及把卡統統都領出來啦！！ #renaiss #tcg @Plus_Ultra_715 @RenaissMyCM @renaissxyz @Renaiss_CN,Daen,daen97,"May 22, 2026 · 8:19 AM UTC",0,0,0,5,321,"renaiss,tcg","["""", """", ""5"", ""321""]",https://nitter.net/pic/media%2FHI6N96CbwAAVdO1.jpg%3Fname%3Dsmall%26format%3Dwebp,
2057737286310416893,https://x.com/SmartWeb3God/status/2057737286310416893,https://nitter.net/SmartWeb3God/status/2057737286310416893#m,"อีก 45 นาทีเจอกันครับ ตู้ MAGMA ได้ SBT ด้วยนะครับ เปิดสัก 1 จุ่ม เอา SBT Badge ไว้ลุ้นแอร์ดรอป👀 จุ่มละ $100 รางวัลใหญ่สุด $2,900 และ @renaissxyz buy back 90% ลุยๆครับ 🤣 ใครจะตามมาจุ่มเดะแปะวาร์ปให้ในเม้นท์ครับผม 👇 #Renaiss",Smart Web3 God,SmartWeb3God,"May 22, 2026 · 8:16 AM UTC",1,0,0,1,105,Renaiss,"[""1"", """", ""1"", ""105""]",https://nitter.net/pic/media%2FHI6M1w2bEAEEgpZ.jpg%3Fname%3Dsmall%26format%3Dwebp,
2057729875054924063,https://x.com/Renaiss_TH/status/2057729875054924063,https://nitter.net/Renaiss_TH/status/2057729875054924063#m,"⚡ Renaiss @renaissxyz เปิดประสบการณ์ที่ไวกว่าเดิม!! Supermode เปิดใช้งานแล้วสำหรับ Infinite Gacha ตอนนี้คุณสามารถเปิดแพ็กได้ทีละ 1, 5 หรือ 10 ซอง ในคลิกเดียว ออกแบบมาให้เล่นได้ไวขึ้น ลุ้นได้มากขึ้น และคุ้มค่ากว่าเดิม #renaiss",Renaiss TCG Thailand,Renaiss_TH,"May 22, 2026 · 7:46 AM UTC",3,0,0,6,758,renaiss,"[""3"", """", ""6"", ""758""]",https://nitter.net/pic/media%2FHI5ymnHawAEQbua.jpg%3Fname%3Dsmall%26format%3Dwebp,
2057702368784138459,https://x.com/ToyaJennif7889/status/2057702368784138459,https://nitter.net/ToyaJennif7889/status/2057702368784138459#m,opened @renaissxyz and got hit with the black lightning PSA 10 Zekrom ex not mad about this at all 😭 #PokemonTCG #Renaiss,"Toya (✸,✸) | 🟠 GAIB",ToyaJennif7889,"May 22, 2026 · 5:57 AM UTC",2,0,0,3,102,"PokemonTCG,Renaiss","[""2"", """", ""3"", ""102""]",https://nitter.net/pic/media%2FHI5tXeRbQAA5tCd.jpg%3Fname%3Dsmall%26format%3Dwebp,
2057684592451338520,https://x.com/KamaBethune7/status/2057684592451338520,https://nitter.net/KamaBethune7/status/2057684592451338520#m,Entei came out looking like a legendary encounter screen PSA 10 Neo 3 from @renaissxyz 🫡 #Renaiss,kirara,KamaBethune7,"May 22, 2026 · 4:46 AM UTC",3,0,0,12,300,Renaiss,"[""3"", """", ""12"", ""300""]",https://nitter.net/pic/media%2FHI5dMuUbYAE1GB1.jpg%3Fname%3Dsmall%26format%3Dwebp,
2057681360144548217,https://x.com/berryy_654/status/2057681360144548217,https://nitter.net/berryy_654/status/2057681360144548217#m,ใครมีบัญชี renaiss @renaissxyz อย่าลืมไปกด Migrate กันนะครับ เดี๋ยวตู้ใหม่มาจะได้กดได้เลย วันนี้น่าจะหมดไว🤣 @Renaiss_TH #renaiss,l3erry | bio/acc,berryy_654,"May 22, 2026 · 4:34 AM UTC",1,2,0,10,1153,renaiss,"[""1"", ""2"", ""10"", ""1,153""]","https://nitter.net/pic/media%2FHI5aSeUbcAADudK.jpg%3Fname%3Dsmall%26format%3Dwebp,https://nitter.net/pic/media%2FHI12bpwa0AA1Cqw.jpg%3Fname%3Dsmall%26format%3Dwebp",
2057628629040034041,https://x.com/davidcheang99/status/2057628629040034041,https://nitter.net/davidcheang99/status/2057628629040034041#m,Today is the day 🍕 See you guys tonight!! #renaiss,DDavid.Renaiss,davidcheang99,"May 22, 2026 · 1:04 AM UTC",0,0,0,0,171,renaiss,"["""", """", """", ""171""]",https://nitter.net/pic/media%2FHI4qVGdaQAAdrID.jpg%3Fname%3Dsmall%26format%3Dwebp,
2057582876326310251,https://x.com/WEB3Seer/status/2057582876326310251,https://nitter.net/WEB3Seer/status/2057582876326310251#m,"5/ Renaiss Obtaining Renaiss Networker badge for subscribing to 6+ ecosystem accounts and X communities. Fill out the form by June 1. Participates in the program from yzilabs. Previously, ambassador program was conducted and free SBTs were distributed. #Renaiss 6/ OPG The team conducted an airdrop to → 3000+ wallets. #OPG",PANKRATION,WEB3Seer,"May 21, 2026 · 10:02 PM UTC",1,0,0,0,35,"Renaiss,OPG","[""1"", """", """", ""35""]",,
2057487936149745771,https://x.com/0xKuromon/status/2057487936149745771,https://nitter.net/0xKuromon/status/2057487936149745771#m,Renaiss 完成Wallet layer update后 我上线看了看我的卡牌，只能说 @renaissxyz 里处处是惊喜！ 之前抽到的 FMV只有325的呆呆兽可达鸭Tag team，现在也涨到550U咯~ 又是发财的一天！ #Renaiss,Kuromon|Renaiss,0xKuromon,"May 21, 2026 · 3:45 PM UTC",7,0,0,14,726,Renaiss,"[""7"", """", ""14"", ""726""]","https://nitter.net/pic/media%2FHI2pU8lbMAA7MRE.jpg%3Fname%3Dsmall%26format%3Dwebp,https://nitter.net/pic/media%2FHI2qVcoa8AAE885.jpg%3Fname%3Dsmall%26format%3Dwebp",
2057407206434406619,https://x.com/blackshark0x/status/2057407206434406619,https://nitter.net/blackshark0x/status/2057407206434406619#m,"สำหรับสายจุ่ม on-chain พรุ่งนี้ 4 โมงเย็น เตรียมตัวให้พร้อมกับ Magma Packs จาก @renaissxyz ที่ราคาแพคละ $100 ต่อจุ่ม ซึ่งมีรางวัลสูงสุดกับการ์ดมูลค่า $2,900 เลยทีเดียว อ้อ เป็นแบบจำกัด 1,000 packs นะ เพื่อทราบ #Renaiss",BlackShark .base,blackshark0x,"May 21, 2026 · 10:24 AM UTC",0,1,0,10,4579,Renaiss,"["""", ""1"", ""10"", ""4,579""]","https://nitter.net/pic/media%2FHI1g8d0bAAEFYx7.jpg%3Fname%3Dsmall%26format%3Dwebp,https://nitter.net/pic/amplify_video_thumb%2F2057395090222657537%2Fimg%2FFavjH1aq-ZHZ0R-G.jpg%3Fname%3Dsmall%26format%3Dwebp",
2057390520016719970,https://x.com/zz2635323/status/2057390520016719970,https://nitter.net/zz2635323/status/2057390520016719970#m,"「Magma Pack」明天限量卡机 ✨时间：明天22 MAY, 5PM (UTC+8) ✨规则：非天堂地狱，常规模式，1小时内可以90%价格回购 ✨卡包数量：1000包，单价100u/包 ✨卡片预览：应该今晚或者明天白天可以看到卡机内卡片 ✨虽然不是OP卡机，但是还是会冲... 😀 @renaissxyz #Renaiss nitter.net/i/status/2057385985235…",Nosleep,zz2635323,"May 21, 2026 · 9:18 AM UTC",6,0,0,2,63,Renaiss,"[""6"", """", ""2"", ""63""]",,
2057369543589462041,https://x.com/surmiao/status/2057369543589462041,https://nitter.net/surmiao/status/2057369543589462041#m,我命由我不由天！ 我真的谢谢了😭 在第103抽，抽出s了！！ 还是我喜欢的皮卡丘😍 感天动地了属于是 但是没录到视频太可惜了 但是终于有s的sbt了！不用再羡慕别人啦！ @renaissxyz #Renaiss #RWA #bnbchain,sur🌟,surmiao,"May 21, 2026 · 7:54 AM UTC",18,0,0,28,1483,"Renaiss,RWA,bnbchain","[""18"", """", ""28"", ""1,483""]",https://nitter.net/pic/media%2FHI0-r_naQAEBd3v.png%3Fname%3Dsmall%26format%3Dwebp,
2057350037269807530,https://x.com/surmiao/status/2057350037269807530,https://nitter.net/surmiao/status/2057350037269807530#m,这两天在补48抽100的sbt任务 怎么一个人可以抽100，还抽不到s/a？？ 这是什么奇观？？ 背成这样？？？？ @renaissxyz 有没有全c/b的sbt拿一下 ？？ 这个s什么时候可以来？？！！！ 我真的会😭 #Renaiss #RWA #bnbchain,sur🌟,surmiao,"May 21, 2026 · 6:37 AM UTC",3,0,0,6,895,"Renaiss,RWA,bnbchain","[""3"", """", ""6"", ""895""]",https://nitter.net/pic/media%2FHI0sYHjbwAA-HD2.jpg%3Fname%3Dsmall%26format%3Dwebp,
2057170638188794317,https://x.com/Mark_Memelord/status/2057170638188794317,https://nitter.net/Mark_Memelord/status/2057170638188794317#m,Jewelry Merch incoming ？ 🫢🫣 #renaiss,Mark,Mark_Memelord,"May 20, 2026 · 6:44 PM UTC",0,0,0,2,283,renaiss,"["""", """", ""2"", ""283""]",https://nitter.net/pic/media%2FHIxJnlRbQAAtPvN.jpg%3Fname%3Dsmall%26format%3Dwebp,
2057108886558294079,https://x.com/mykim79/status/2057108886558294079,https://nitter.net/mykim79/status/2057108886558294079#m,#renaiss Code: wombatsarrive42 renaiss.xyz/ref/wombatsarriv…,Mykim79,mykim79,"May 20, 2026 · 2:39 PM UTC",0,0,0,0,4,renaiss,"["""", """", """", ""4""]",https://nitter.net/pic/media%2FHIxRbKyaMAEQVde.png%3Fname%3Dsmall%26format%3Dwebp,
2057088963412930692,https://x.com/SmartWeb3God/status/2057088963412930692,https://nitter.net/SmartWeb3God/status/2057088963412930692#m,"Broooo, boss hand is unreal!! @Plus_Ultra_715 Thank you for this amazing S tier pulled!! On @renaissxyz 🥳🔥 #renaiss #renaissbkk",Smart Web3 God,SmartWeb3God,"May 20, 2026 · 1:20 PM UTC",8,2,0,25,829,"renaiss,renaissbkk","[""8"", ""2"", ""25"", ""829""]","https://nitter.net/pic/media%2FHIw_gSybsAEPZtP.jpg%3Fname%3Dsmall%26format%3Dwebp,https://nitter.net/pic/media%2FHIw_gS6aMAAuHxY.jpg%3Fname%3Dsmall%26format%3Dwebp",
2057073814396428442,https://x.com/SmartWeb3God/status/2057073814396428442,https://nitter.net/SmartWeb3God/status/2057073814396428442#m,Thank you @Plus_Ultra_715 @Tomblockhk @harryinhk @renaissxyz For the event and I've got pulled this amazing card 👀 Sabo and Shanks 🫶🏻🔥 @OnePieceAnime #renaiss #renaissbkk,Smart Web3 God,SmartWeb3God,"May 20, 2026 · 12:19 PM UTC",3,0,0,13,288,"renaiss,renaissbkk","[""3"", """", ""13"", ""288""]",https://nitter.net/pic/media%2FHIwxukYbcAAAz2M.jpg%3Fname%3Dsmall%26format%3Dwebp,
2057072785370079602,https://x.com/MKrub8/status/2057072785370079602,https://nitter.net/MKrub8/status/2057072785370079602#m,แวะกินพิซซ่าฟรี จุ่มโปเกม่อนฟรี 😆😆 เงินทองจะไหลออกไปไหน วันๆ หาไปแต่งานกินฟรีมีเกียรติ อิอิ Thai Community TCG NIGHT by @renaissxyz #renaiss #Renaiss,MarkerDoge ZAMA 🐕🐘,MKrub8,"May 20, 2026 · 12:15 PM UTC",9,6,0,22,1196,"renaiss,Renaiss","[""9"", ""6"", ""22"", ""1,196""]","https://nitter.net/pic/media%2FHIwwynrawAEqt6W.jpg%3Fname%3Dsmall%26format%3Dwebp,https://nitter.net/pic/media%2FHIwwynracAAvhBD.jpg%3Fname%3Dsmall%26format%3Dwebp,https://nitter.net/pic/media%2FHIwwynnawAAtISO.jpg%3Fname%3Dsmall%26format%3Dwebp,https://nitter.net/pic/media%2FHIwwynnasAAr-r9.jpg%3Fname%3Dsmall%26format%3Dwebp",
2057069284673937542,https://x.com/NeiSudYod/status/2057069284673937542,https://nitter.net/NeiSudYod/status/2057069284673937542#m,#renaiss,Nei_Sud_Yod 🔰 Nexter,NeiSudYod,"May 20, 2026 · 12:01 PM UTC",0,0,0,3,207,renaiss,"["""", """", ""3"", ""207""]",https://nitter.net/pic/media%2FHIwtm4UbIAA9Yix.jpg%3Fname%3Dsmall%26format%3Dwebp,
2057069179019399400,https://x.com/thanick33/status/2057069179019399400,https://nitter.net/thanick33/status/2057069179019399400#m,We coming join it!! @renaissxz #renaiss,Thanick,thanick33,"May 20, 2026 · 12:01 PM UTC",0,0,0,1,13,renaiss,"["""", """", ""1"", ""13""]",https://nitter.net/pic/media%2FHIwtgmsagAAHZ4b.jpg%3Fname%3Dsmall%26format%3Dwebp,
2057069065089454256,https://x.com/Bizzary3/status/2057069065089454256,https://nitter.net/Bizzary3/status/2057069065089454256#m,Night party @Plus_Ultra_715 The comunity @renaissxyz Good time #renaiss,Bizzary,Bizzary3,"May 20, 2026 · 12:00 PM UTC",0,0,0,1,33,renaiss,"["""", """", ""1"", ""33""]",https://nitter.net/pic/media%2FHIwstDrbEAASVIp.jpg%3Fname%3Dsmall%26format%3Dwebp,
2057068906905473430,https://x.com/Donald_mvp/status/2057068906905473430,https://nitter.net/Donald_mvp/status/2057068906905473430#m,Yoooo! This night is young. Thailand Community night with @Plus_Ultra_715 The CEO from @renaissxyz We will rip pack together 🤣🤣 #renaiss,DonaldP 🏴‍☠️,Donald_mvp,"May 20, 2026 · 12:00 PM UTC",3,0,0,25,637,renaiss,"[""3"", """", ""25"", ""637""]",https://nitter.net/pic/media%2FHIwtQ5ib0AAY-5T.jpg%3Fname%3Dsmall%26format%3Dwebp,
2057068894276493435,https://x.com/0xaranz/status/2057068894276493435,https://nitter.net/0xaranz/status/2057068894276493435#m,Thai community Meetup TCG Night with @renaissxyz @Renaiss_TH Big thank to @Plus_Ultra_715 and @THBUIDL #Renaiss,Aran,0xaranz,"May 20, 2026 · 12:00 PM UTC",0,1,0,7,230,Renaiss,"["""", ""1"", ""7"", ""230""]",https://nitter.net/pic/media%2FHIwtQH-bwAACEIa.jpg%3Fname%3Dsmall%26format%3Dwebp,
2057068681864376685,https://x.com/nopzty/status/2057068681864376685,https://nitter.net/nopzty/status/2057068681864376685#m,TCG night #renaiss @renaissxyz @Renaiss_TH,Nemo,nopzty,"May 20, 2026 · 11:59 AM UTC",1,1,0,9,404,renaiss,"[""1"", ""1"", ""9"", ""404""]","https://nitter.net/pic/media%2FHIwtD1SaAAAv7IR.jpg%3Fname%3Dsmall%26format%3Dwebp,https://nitter.net/pic/media%2FHIwtD1SboAAvjRF.jpg%3Fname%3Dsmall%26format%3Dwebp",
2057068581104550359,https://x.com/classicalism/status/2057068581104550359,https://nitter.net/classicalism/status/2057068581104550359#m,Enjoying 𝗧𝗵𝗮𝗶 𝗖𝗼𝗺𝗺𝘂𝗻𝗶𝘁𝘆 𝗧𝗖𝗚 𝗡𝗶𝗴𝗵𝘁 by @renaissxyz #Renaiss #RenaissBKK,ibO,classicalism,"May 20, 2026 · 11:59 AM UTC",0,0,0,10,422,"Renaiss,RenaissBKK","["""", """", ""10"", ""422""]","https://nitter.net/pic/media%2FHIws8A4agAAgw6s.jpg%3Fname%3Dsmall%26format%3Dwebp,https://nitter.net/pic/media%2FHIkpaUKbMAEbGDk.jpg%3Fname%3Dsmall%26format%3Dwebp,https://nitter.net/pic/media%2FHIkqBiobAAA5A69.png%3Fname%3Dsmall%26format%3Dwebp,https://nitter.net/pic/media%2FHIkroA6aoAAk73U.jpg%3Fname%3Dsmall%26format%3Dwebp,https://nitter.net/pic/media%2FHIksWlKa8AAUxNS.png%3Fname%3Dsmall%26format%3Dwebp",
2057068371032826273,https://x.com/tsm_mee/status/2057068371032826273,https://nitter.net/tsm_mee/status/2057068371032826273#m,มาต่องานนี้ครับขอบคุณครับ #renaiss,MeeeeM.base.eth Farcaster,tsm_mee,"May 20, 2026 · 11:58 AM UTC",0,0,0,0,38,renaiss,"["""", """", """", ""38""]",https://nitter.net/pic/media%2FHIwsxXLa0AAbfNK.jpg%3Fname%3Dsmall%26format%3Dwebp,
2057068278632382635,https://x.com/SmartWeb3God/status/2057068278632382635,https://nitter.net/SmartWeb3God/status/2057068278632382635#m,Just follow the CEO to this event @Plus_Ultra_715 I think I'm too addict with @renaissxyz 😂 #renaiss,Smart Web3 God,SmartWeb3God,"May 20, 2026 · 11:57 AM UTC",1,0,0,12,293,renaiss,"[""1"", """", ""12"", ""293""]",https://nitter.net/pic/media%2FHIwssWJb0AAkDQr.jpg%3Fname%3Dsmall%26format%3Dwebp,
2057029294673842196,https://x.com/miaomiao_eth/status/2057029294673842196,https://nitter.net/miaomiao_eth/status/2057029294673842196#m,台灣區 @renaissxyz 線下聚會又來啦！ 這次時間訂在 6 月 13 日 晚上 6:00 - 9:00 名額有限，記得趕緊報名參加喔🐱 報名連結：luma.com/6egrawm1 期待到時候跟大家一起吃飯聊天開卡包！ #Renaiss,miaomiao_eth,miaomiao_eth,"May 20, 2026 · 9:22 AM UTC",2,0,0,11,751,Renaiss,"[""2"", """", ""11"", ""751""]",https://nitter.net/pic/media%2FHIwHa0lbsAAVjy3.jpg%3Fname%3Dsmall%26format%3Dwebp,
2057023252518801894,https://x.com/0x1001/status/2057023252518801894,https://nitter.net/0x1001/status/2057023252518801894#m,SHOUT OUT TO @figo_saleh !! I'm ready to pull BGS Black 10 OPTCG cards from the @renaissxyz gacha！ And then use @traded_gg to spend all my money buying Mihawk and Bonney.🥵 #Renaiss #RWA #bnbchain #tradedgg,0x1001 @Renaiss、トレカ情報,0x1001,"May 20, 2026 · 8:58 AM UTC",0,0,0,3,385,"Renaiss,RWA,bnbchain,tradedgg","["""", """", ""3"", ""385""]",,
2056960763919774187,https://x.com/SmartWeb3God/status/2056960763919774187,https://nitter.net/SmartWeb3God/status/2056960763919774187#m,คืนนี้เจอกันนะครับ TCG NIGHT อาจจะได้จุ่มโปเกม่อนการ์ดฟรี 👀 @renaissxyz #renaiss #renaissbkk,Smart Web3 God,SmartWeb3God,"May 20, 2026 · 4:50 AM UTC",3,0,0,11,622,"renaiss,renaissbkk","[""3"", """", ""11"", ""622""]","https://nitter.net/pic/media%2FHIvKuuObAAA2Ucz.png%3Fname%3Dsmall%26format%3Dwebp,https://nitter.net/pic/media%2FHIp9vAYaEAAT1PC.jpg%3Fname%3Dsmall%26format%3Dwebp",
2056923846742311202,https://x.com/chimnon1993/status/2056923846742311202,https://nitter.net/chimnon1993/status/2056923846742311202#m,"Easy way to earn free Networker SBT on Renaiss! 🔥 Just follow 6 or more accounts in the Renaiss ecosystem, then fill out the simple form. Super easy task, don’t miss it! Form here: forms.gle/wRPqqEG8jQMyZJCs7 Join with me: renaiss.xyz/ref/vlchinen @renaissxyz #Renaiss",chimnon,chimnon1993,"May 20, 2026 · 2:23 AM UTC",0,0,0,0,104,Renaiss,"["""", """", """", ""104""]",https://nitter.net/pic/media%2FHIrQ7TkbUAAQ3Fh.jpg%3Fname%3Dsmall%26format%3Dwebp,
2056893939857440802,https://x.com/innerpeace300/status/2056893939857440802,https://nitter.net/innerpeace300/status/2056893939857440802#m,"Phase 2 Recap (1) — 실물 자산이 ‘움직이기 시작한 순간’ @renaissxyz #Renaiss “움직일 수 없던 자산이, 움직이기 시작했다.” 왜 실물 자산은 묶여 있었는가 기존의 실물 카드 시장은 이미 존재했고, 그 안에는 분명한 가치도 형성되어 있었다. 하지만 이 자산들은 여전히 오프라인이라는 한계에 묶여 있었다. · 거래는 느리고 · 접근은 제한적이며 · 유동성은 낮다 즉, 가치는 있지만 흐르지 못하는 자산이었다. 카드 → NFT : 온체인으로의 첫 전환 Renaiss는 이 문제를 단순한 디지털화가 아닌, 온체인 전환(On-chainization)으로 풀어낸다. 실물 카드는 하나의 NFT로 변환되고, 이는 단순한 이미지가 아니라 · 소유권을 나타내고 · 고유성을 가지며 · 검증 가능한 데이터로 구성된다 즉, 실물 자산의 ‘디지털 대응체(Digital Twin)’가 생성되는 것이다. 신뢰를 만드는 구조 : Vault & 인증 온체인으로 올리는 것만으로는 충분하지 않다. 핵심은 이것이다. “이 NFT가 진짜 자산과 연결되어 있는가?” Renaiss는 이를 위해 보관과 인증 구조를 함께 설계한다. · 실물 카드는 안전하게 보관되고 · 진품 여부와 상태가 검증되며 · 이 정보가 온체인 데이터와 연결된다 이 과정을 통해 NFT는 단순한 토큰이 아니라 실제 자산을 대표하는 증명 수단이 된다. 변화의 본질 : ‘이동성’ 이 단계에서 가장 중요한 변화는 하나다. Mobility (이동성) 이제 자산은 · 물리적 이동 없이 · 즉시 전송 가능하며 · 글로벌하게 거래될 수 있다 즉, 실물 카드가 “움직일 수 있는 자산”으로 재정의된 것이다. 한 줄 정리 Renaiss는 실물 자산을 NFT로 전환하고, 보관과 인증을 통해 신뢰를 확보함으로써 자산에 ‘이동성’을 부여한다.","vita5000 | 𝔽rAI (❖,❖)",innerpeace300,"May 20, 2026 · 12:25 AM UTC",1,1,0,2,78,Renaiss,"[""1"", ""1"", ""2"", ""78""]","https://nitter.net/pic/media%2FHIuNpLZaQAA3C9h.png%3Fname%3Dsmall%26format%3Dwebp,https://nitter.net/pic/media%2FHGoaTq-aQAAMNmw.jpg%3Fname%3Dsmall%26format%3Dwebp",
2056890538926960716,https://x.com/davidcheang99/status/2056890538926960716,https://nitter.net/davidcheang99/status/2056890538926960716#m,"To get the Van Gogh Pikachu and SBT, I’m planning to do one pull a day until I reach 40 tickets or the event ends ！ 为了获得梵高皮及 SBT ,打算一天一抽直到累积 40票 或活动结束😍🫰 #renaiss #bnbchain #tcg Day 6 8 ticket count Explore here 💫 renaiss.xyz/ref/unstoppable",DDavid.Renaiss,davidcheang99,"May 20, 2026 · 12:11 AM UTC",2,0,0,11,2315,"renaiss,bnbchain,tcg","[""2"", """", ""11"", ""2,315""]","https://nitter.net/pic/ext_tw_video_thumb%2F2056890519549263873%2Fpu%2Fimg%2F-2fofSG7g_a-HHV3.jpg%3Fname%3Dsmall%26format%3Dwebp,https://nitter.net/pic/media%2FHIuLB6daAAAHGLU.jpg%3Fname%3Dsmall%26format%3Dwebp,https://nitter.net/pic/ext_tw_video_thumb%2F2056530569350230016%2Fpu%2Fimg%2FioReddjI9B6PLMep.jpg%3Fname%3Dsmall%26format%3Dwebp,https://nitter.net/pic/media%2FHIpDqCXaAAAP4JJ.jpg%3Fname%3Dsmall%26format%3Dwebp",
